date,y,lag_1,lag_7,lag_30,roll_mean_3,roll_std_3,roll_mean_7,roll_std_7,roll_mean_30,roll_std_30,qtd_diario,num_pedidos,num_linhas,unique_products,ticket_medio,day_of_week,is_weekend,month,month_sin,month_cos
2023-02-07,386.0,2308.6,2196.3,2453.0,8782.933333333332,7115.539690236667,4993.5142857142855,5447.509897016732,5112.816666666667,5233.426472871672,31.0,11,21,6,35.09090909090909,1,0,2,0.8660254037844386,0.5000000000000001
2023-02-08,4100.6,386.0,1713.0,1090.2,6365.233333333333,8744.316011177394,4734.900000000001,5641.938129756476,5043.916666666667,5283.0228466928065,321.0,26,103,18,157.71538461538464,2,0,2,0.8660254037844386,0.5000000000000001
2023-02-09,7446.9,4100.6,1596.5,1086.5,2265.066666666667,1857.6826029581546,5075.9857142857145,5499.164721248907,5144.263333333333,5233.695433437879,657.0,48,316,41,155.14374999999998,3,0,2,0.8660254037844386,0.5000000000000001
2023-02-10,14855.5,7446.9,3100.0,10682.4,3977.8333333333335,3532.0505295555117,5911.757142857144,5323.997438284238,5356.276666666667,5192.314185919305,1087.5,164,951,60,90.58231707317073,4,0,2,0.8660254037844386,0.5000000000000001
2023-02-11,17328.5,14855.5,7639.1,10327.9,8801.0,5503.831266490644,7591.114285714286,6088.4120467843295,5495.38,5391.982661411805,1263.0,223,1052,58,77.70627802690584,5,1,2,0.8660254037844386,0.5000000000000001
2023-02-12,8348.3,17328.5,16401.1,1065.0,13210.300000000001,5142.131554132001,8975.314285714287,7115.884554391572,5728.733333333334,5748.0632409794225,743.0,62,131,25,134.64999999999998,6,1,2,0.8660254037844386,0.5000000000000001
2023-02-14,436.0,8348.3,2308.6,1143.0,13510.766666666668,4638.666706429049,7824.914285714287,6321.943138368289,5971.509999999999,5697.8828653402425,28.0,14,24,8,31.142857142857142,1,0,2,0.8660254037844386,0.5000000000000001
2023-02-15,2819.0,436.0,386.0,2133.2,8704.266666666666,8451.873949801507,7557.400000000001,6626.552321783426,5947.943333333333,5719.961736590331,273.0,32,187,28,88.09375,2,0,2,0.8660254037844386,0.5000000000000001
2023-02-16,6394.0,2819.0,4100.6,3099.4,3867.7666666666664,4059.0708867095823,7904.971428571429,6240.258933653923,5970.803333333332,5705.542520276066,596.0,49,295,23,130.48979591836735,3,0,2,0.8660254037844386,0.5000000000000001
2023-02-17,10314.8,6394.0,7446.9,18474.4,3216.3333333333335,2998.807485206965,8232.6,6064.973188728865,6080.623333333333,5680.018131994088,757.0,100,637,57,103.148,4,0,2,0.8660254037844386,0.5000000000000001
2023-02-18,13860.5,10314.8,14855.5,13292.8,6509.266666666666,3749.2291492163185,8642.3,6099.817653012259,5808.636666666667,5244.763638176018,1079.0,165,881,59,84.0030303030303,5,1,2,0.8660254037844386,0.5000000000000001
2023-02-19,6518.0,13860.5,17328.5,1617.9,10189.766666666666,3734.8200175287325,8500.157142857142,5940.412124551949,5827.56,5273.642602120147,506.0,80,395,44,81.475,6,1,2,0.8660254037844386,0.5000000000000001
2023-02-21,4515.1,6518.0,8348.3,1045.0,10231.1,3671.9655267989633,6955.8,4491.195343855205,5990.8966666666665,5214.313809550713,510.0,40,319,34,112.87750000000001,1,0,2,0.8660254037844386,0.5000000000000001
2023-02-22,2015.3999999999999,4515.1,436.0,1214.8,8297.866666666667,4920.372882549992,6408.2,4526.660167275649,6106.566666666667,5138.756330578195,199.0,28,125,20,71.97857142857143,2,0,2,0.8660254037844386,0.5000000000000001
2023-02-23,2218.3,2015.3999999999999,2819.0,2416.1,4349.5,2255.863295946806,6633.828571428571,4207.474992088203,6133.253333333333,5114.497920397185,227.0,25,137,23,88.73200000000001,3,0,2,0.8660254037844386,0.5000000000000001
2023-02-24,8752.6,2218.3,6394.0,974.0,2916.2666666666664,1388.341861118262,6548.014285714286,4303.28366383493,6126.66,5119.58008411385,696.0,60,409,53,145.87666666666667,4,0,2,0.8660254037844386,0.5000000000000001
2023-02-25,10723.7,8752.6,10314.8,12727.1,4328.766666666667,3832.495025871961,6884.9571428571435,4380.853533600176,6385.946666666667,5046.0694004639745,827.0,125,677,65,85.78960000000001,5,1,2,0.8660254037844386,0.5000000000000001
2023-02-26,1155.3,10723.7,13860.5,1904.9,7231.533333333334,4452.043367189197,6943.3714285714295,4436.580988296539,6319.166666666667,4971.968897337549,81.0,32,69,19,36.103125,6,1,2,0.8660254037844386,0.5000000000000001
2023-02-28,198.0,1155.3,6518.0,568.0,6877.200000000001,5052.367119479739,5128.342857142858,3667.2948108277064,6294.179999999999,4996.739645657232,14.0,5,8,6,39.6,1,0,2,0.8660254037844386,0.5000000000000001
2023-03-01,5281.2,198.0,4515.1,3217.3,4025.6666666666665,5820.381750652901,4225.4857142857145,4028.3450685645826,6281.846666666666,5011.794762064532,426.0,38,242,43,138.97894736842105,2,0,3,1.0,6.123233995736766e-17
2023-03-02,4911.7,5281.2,2015.3999999999999,8334.4,2211.5,2701.1848122629435,4334.928571428572,4047.8841385404844,6350.643333333334,4982.356364743379,430.0,40,305,43,122.79249999999999,3,0,3,1.0,6.123233995736766e-17
2023-03-03,10393.2,4911.7,2218.3,7224.5,3463.633333333333,2834.149495586519,4748.685714285714,3917.190397648369,6236.553333333333,4974.546054405599,757.0,95,550,56,109.4021052631579,4,0,3,1.0,6.123233995736766e-17
2023-03-04,8096.5,10393.2,8752.6,12338.1,6862.033333333333,3063.6556731025307,5916.528571428572,4242.188404473289,6342.176666666667,5029.581902187904,609.5,94,410,51,86.13297872340425,5,1,3,1.0,6.123233995736766e-17
2023-03-05,871.9,8096.5,10723.7,2196.3,7800.466666666667,2752.7145444693897,5822.800000000001,4175.812370465577,6200.79,4913.496463005293,65.0,13,46,11,67.06923076923077,6,1,3,1.0,6.123233995736766e-17
2023-03-07,816.0,871.9,1155.3,1713.0,6453.866666666668,4968.648873017021,4415.400000000001,3899.820944607588,6156.6433333333325,4956.478303064297,61.0,13,43,11,62.76923076923077,1,0,3,1.0,6.123233995736766e-17
2023-03-08,3451.2,816.0,198.0,1596.5,3261.4666666666667,4187.354976991241,4366.928571428572,3948.894410555226,6126.743333333333,4986.821677089723,318.0,28,156,24,123.25714285714285,2,0,3,1.0,6.123233995736766e-17
2023-03-09,3825.2,3451.2,5281.2,3100.0,1713.0333333333335,1505.5559515784587,4831.671428571429,3547.517778068815,6188.566666666667,4939.998905719085,293.0,26,159,33,147.12307692307692,3,0,3,1.0,6.123233995736766e-17
2023-03-10,11325.2,3825.2,4911.7,7639.1,2697.4666666666667,1640.0934770107824,4623.671428571429,3559.432424659064,6212.74,4926.119035872582,821.0,113,698,58,100.22300884955753,4,0,3,1.0,6.123233995736766e-17
2023-03-11,18064.59,11325.2,10393.2,16401.1,6200.533333333333,4442.0294160814965,5539.885714285714,4377.380105507774,6335.610000000001,5008.209285614695,1245.0,271,1006,66,66.6590036900369,5,1,3,1.0,6.123233995736766e-17
2023-03-12,1893.49,18064.59,8096.5,2308.6,11071.663333333336,7123.079918408423,6635.7985714285705,6322.909700500314,6391.059666666667,5131.1936170745685,152.0,35,116,23,54.099714285714285,6,1,3,1.0,6.123233995736766e-17
2023-03-14,710.2,1893.49,871.9,386.0,10427.76,8122.817720329565,5749.654285714286,6515.803896956634,6377.222666666667,5143.127997095726,47.0,6,28,12,118.36666666666667,1,0,3,1.0,6.123233995736766e-17
2023-03-15,1410.32,710.2,816.0,4100.6,6889.426666666666,9696.04303058899,5726.5542857142855,6536.233368660826,6388.029333333334,5130.430161377501,115.0,29,103,27,48.63172413793103,2,0,3,1.0,6.123233995736766e-17
2023-03-16,4430.0,1410.32,3451.2,7446.9,1338.0033333333347,594.9504863711538,5811.457142857143,6465.291375848719,6298.3533333333335,5194.898357126083,353.0,33,152,31,134.24242424242425,3,0,3,1.0,6.123233995736766e-17
2023-03-17,4360.5,4430.0,3825.2,14855.5,2183.506666666668,1976.762814839777,5951.285714285715,6416.13462684987,6197.79,5201.0950256109045,292.0,54,258,44,80.75,4,0,3,1.0,6.123233995736766e-17
2023-03-18,12307.0,4360.5,11325.2,17328.5,3400.2733333333344,1723.7004566145729,6027.757142857142,6389.70689035294,5847.956666666667,4945.351302901812,860.0,120,566,59,102.55833333333334,5,1,3,1.0,6.123233995736766e-17
2023-03-19,5821.8,12307.0,18064.59,8348.3,7032.500000000001,4567.983170940976,6168.0142857142855,6534.503429733223,5680.573333333334,4617.486761959505,276.0,59,220,34,98.67457627118644,6,1,3,1.0,6.123233995736766e-17
2023-03-21,549.5,5821.8,1893.49,436.0,7496.433333333334,4229.6587525867035,4419.044285714286,3944.9860291001364,5596.3566666666675,4590.1120935312265,36.0,14,30,9,39.25,1,0,3,1.0,6.123233995736766e-17
2023-03-22,1544.7,549.5,710.2,2819.0,6226.100000000001,5889.167634734128,4227.045714285714,4117.329089506359,5600.14,4585.756786272937,113.0,20,50,17,77.235,2,0,3,1.0,6.123233995736766e-17
2023-03-23,4318.5,1544.7,1410.32,6394.0,2638.666666666668,2801.22457566923,4346.26,4009.19117818046,5557.663333333334,4618.193107102817,346.0,27,163,29,159.94444444444446,3,0,3,1.0,6.123233995736766e-17
2023-03-24,10637.3,4318.5,4430.0,10314.8,2137.566666666668,1953.1918526691775,4761.714285714285,3799.440627876942,5488.4800000000005,4620.777649131189,814.0,114,690,54,93.30964912280702,4,0,3,1.0,6.123233995736766e-17
2023-03-25,6123.3,10637.3,4360.5,13860.5,5500.166666666668,4660.053194260049,5648.471428571429,4387.911424476073,5499.23,4632.752634396041,438.0,97,373,44,63.126804123711345,5,1,3,1.0,6.123233995736766e-17
2023-03-26,2391.0,6123.3,12307.0,6518.0,7026.366666666668,3254.7588871271714,5900.3,4352.111908411059,5241.323333333333,4358.474361612878,135.0,27,78,23,88.55555555555556,6,1,3,1.0,6.123233995736766e-17
2023-03-28,350.0,2391.0,5821.8,4515.1,6383.866666666668,4129.3204239115785,4483.728571428572,3436.7602887575645,5103.756666666666,4381.856661375037,23.0,9,22,6,38.888888888888886,1,0,3,1.0,6.123233995736766e-17
2023-03-29,1671.5,350.0,549.5,2015.3999999999999,2954.766666666668,2927.648008783378,3702.042857142857,3694.319435681919,4964.919999999999,4466.321418543994,153.0,19,124,23,87.97368421052632,2,0,3,1.0,6.123233995736766e-17
2023-03-30,3890.5,1671.5,1544.7,2218.3,1470.8333333333346,1035.191085420109,3862.328571428571,3556.5131288544844,4953.456666666666,4474.586431377907,302.0,31,186,29,125.5,3,0,3,1.0,6.123233995736766e-17
2023-03-31,8009.6,3890.5,4318.5,8752.6,1970.6666666666679,1789.108879675373,4197.442857142857,3409.2030876521817,5009.196666666667,4449.685671503282,582.0,72,370,54,111.24444444444445,4,0,3,1.0,6.123233995736766e-17
2023-04-01,10555.1,8009.6,10637.3,10723.7,4523.866666666668,3216.168979287825,4724.742857142856,3703.772049706961,4984.429999999999,4430.156550100685,715.0,130,591,54,81.19307692307693,5,1,4,0.8660254037844387,-0.4999999999999998
2023-04-02,2342.9,10555.1,6123.3,1155.3,7485.066666666668,3363.1197872412035,4713.0,3681.968032633277,4978.8099999999995,4422.725487039677,127.0,43,110,21,54.48604651162791,6,1,4,0.8660254037844387,-0.4999999999999998
2023-04-04,102.0,2342.9,2391.0,198.0,6969.200000000002,4203.793683091498,4172.942857142857,3717.7082424782216,5018.3966666666665,4392.534030093158,6.0,4,6,3,25.5,1,0,4,0.8660254037844387,-0.4999999999999998
2023-04-05,3102.9,102.0,350.0,5281.2,4333.333333333335,5503.471045016344,3845.9428571428575,3991.1752625248755,5015.196666666667,4396.2002633946595,246.0,25,70,16,124.116,2,0,4,0.8660254037844387,-0.4999999999999998
2023-04-06,7516.0,3102.9,1671.5,4911.7,1849.266666666668,1560.1620439343042,4239.214285714285,3715.390046113858,4942.586666666667,4409.623802568833,512.0,76,443,54,98.89473684210526,3,0,4,0.8660254037844387,-0.4999999999999998
2023-04-07,4666.5,7516.0,3890.5,10393.2,3573.6333333333346,3729.3486567138348,5074.142857142857,3698.854937615672,5029.396666666667,4434.559042885412,342.5,65,271,44,71.79230769230769,4,0,4,0.8660254037844387,-0.4999999999999998
2023-04-08,8291.1,4666.5,8009.6,8096.5,5095.133333333334,2237.556212329268,5185.0,3668.9758843579266,4838.506666666667,4317.415579388568,560.0,89,435,53,93.15842696629214,5,1,4,0.8660254037844387,-0.4999999999999998
2023-04-09,1933.7,8291.1,10555.1,871.9,6824.533333333336,1908.6712402436729,5225.214285714285,3706.4465455152504,4844.993333333333,4322.622364711698,133.0,40,108,23,48.3425,6,1,4,0.8660254037844387,-0.4999999999999998
2023-04-12,1415.4,1933.7,2342.9,816.0,4963.766666666668,3189.107914971412,3993.5857142857144,3006.506776104444,4880.386666666667,4293.216127178362,114.0,12,85,22,117.95,2,0,4,0.8660254037844387,-0.4999999999999998
2023-04-13,4396.5,1415.4,102.0,3451.2,3880.066666666668,3828.847088006166,3861.085714285714,3110.034363919784,4900.366666666667,4275.00495800183,370.0,21,99,18,209.35714285714286,3,0,4,0.8660254037844387,-0.4999999999999998
2023-04-14,8144.3,4396.5,3102.9,3825.2,2581.866666666668,1592.742704686882,4474.585714285714,2631.702546786383,4931.876666666666,4267.432263261649,646.0,67,465,55,121.55671641791045,4,0,4,0.8660254037844387,-0.4999999999999998
2023-04-15,8596.2,8144.3,7516.0,11325.2,4652.066666666668,3371.72204419838,5194.785714285715,2872.5602612933876,5075.846666666667,4301.529299524109,569.0,95,446,50,90.4863157894737,5,1,4,0.8660254037844387,-0.4999999999999998
2023-04-16,877.0,8596.2,4666.5,18064.59,7045.666666666669,2305.3451852885987,5349.1,3042.0527011652343,4984.88,4192.2823082034765,64.0,24,52,13,36.541666666666664,6,1,4,0.8660254037844387,-0.4999999999999998
2023-04-19,1105.9,877.0,8291.1,1893.49,5872.500000000003,4332.126335877104,4807.742857142858,3488.236674337122,4411.960333333333,3452.2878654661336,90.0,14,37,12,78.99285714285715,2,0,4,0.8660254037844387,-0.4999999999999998
2023-04-20,3950.4,1105.9,1933.7,710.2,3526.366666666668,4392.095891864533,3781.2857142857147,3346.6733300540805,4385.707333333334,3475.0198172731216,252.0,37,197,35,106.76756756756757,3,0,4,0.8660254037844387,-0.4999999999999998
2023-04-21,10285.3,3950.4,1415.4,1410.32,1977.766666666668,1712.1800440763504,4069.3857142857146,3246.417247484053,4493.714000000001,3406.5216069430203,686.0,90,529,53,114.2811111111111,4,0,4,0.8660254037844387,-0.4999999999999998
2023-04-22,8796.1,10285.3,4396.5,4430.0,5113.866666666668,4698.998521316356,5336.514285714286,3732.514706123554,4789.546666666666,3513.211199981886,574.0,82,464,52,107.26951219512196,5,1,4,0.8660254037844387,-0.4999999999999998
2023-04-23,1100.8,8796.1,8144.3,4360.5,7677.266666666667,3312.3376221836625,5965.028571428572,3913.861928970879,4935.083333333333,3587.4527669684917,73.0,24,60,17,45.86666666666667,6,1,4,0.8660254037844387,-0.4999999999999998
2023-04-26,572.6,1100.8,8596.2,12307.0,6727.400000000001,4929.340709466124,4958.814285714286,4158.00666402728,4826.426666666666,3654.199746530043,38.0,10,31,12,57.260000000000005,2,0,4,0.8660254037844387,-0.4999999999999998
2023-04-27,1184.3,572.6,877.0,5821.8,3489.833333333334,4602.9445209923315,3812.585714285714,4093.6035036092517,4435.28,3448.079376976556,87.0,15,85,18,78.95333333333333,3,0,4,0.8660254037844387,-0.4999999999999998
2023-04-28,6672.0,1184.3,1105.9,549.5,952.5666666666672,331.6987538917216,3856.485714285714,4058.3713832967455,4280.696666666667,3487.5040148273347,404.0,64,325,47,104.25,4,0,4,0.8660254037844387,-0.4999999999999998
2023-04-29,9092.7,6672.0,3950.4,1544.7,2809.6333333333337,3358.8616261068755,4651.642857142857,3974.0354061739113,4484.78,3440.4532891406357,598.0,92,401,54,98.83369565217392,5,1,4,0.8660254037844387,-0.4999999999999998
2023-04-30,1284.8,9092.7,10285.3,4318.5,5649.666666666667,4052.1070720470016,5386.257142857144,4285.85628194925,4736.38,3493.613018302853,92.0,15,69,15,85.65333333333334,6,1,4,0.8660254037844387,-0.4999999999999998
2023-05-03,1674.5,1284.8,8796.1,10637.3,5683.166666666668,3996.7698361718712,4100.471428571428,3904.271162762775,4635.256666666666,3549.5829219475363,142.0,14,51,15,119.60714285714286,2,0,5,0.49999999999999994,-0.8660254037844387
2023-05-04,3989.6,1674.5,1100.8,6123.3,4017.333333333334,4399.713243307264,3083.0999999999995,3367.7662527754756,4336.496666666667,3401.0670658692147,306.0,27,152,36,147.76296296296297,3,0,5,0.49999999999999994,-0.8660254037844387
2023-05-05,9494.1,3989.6,572.6,2391.0,2316.3000000000006,1462.1614787703797,3495.785714285714,3259.6308499729344,4265.373333333333,3384.683419712715,618.0,71,372,53,133.71971830985916,4,0,5,0.49999999999999994,-0.8660254037844387
2023-05-06,8505.6,9494.1,1184.3,350.0,5052.733333333334,4016.7431338502743,4770.285714285715,3647.269925770316,4502.1433333333325,3495.6666764560173,530.0,91,382,50,93.46813186813188,5,1,5,0.49999999999999994,-0.8660254037844387
2023-05-07,2495.1,8505.6,6672.0,1671.5,7329.766666666667,2934.5899344428567,5816.185714285714,3494.0759166664657,4773.996666666667,3478.709252550666,135.0,36,98,26,69.30833333333334,6,1,5,0.49999999999999994,-0.8660254037844387
2023-05-10,2973.0,2495.1,9092.7,3890.5,6831.600000000001,3787.9027508635954,5219.4857142857145,3675.509830136304,4801.45,3456.5599688777684,255.0,11,27,10,270.27272727272725,2,0,5,0.49999999999999994,-0.8660254037844387
2023-05-11,1484.6,2973.0,1284.8,8009.6,4657.900000000001,3340.762423459648,4345.242857142857,3310.363530317656,4770.866666666667,3468.9347317776583,111.0,17,78,21,87.32941176470588,3,0,5,0.49999999999999994,-0.8660254037844387
2023-05-12,11972.7,1484.6,1674.5,10555.1,2317.566666666667,759.9159185944825,4373.785714285715,3280.3024359696783,4553.366666666667,3463.418206531422,758.0,97,602,57,123.4298969072165,4,0,5,0.49999999999999994,-0.8660254037844387
2023-05-13,4236.3,11972.7,3989.6,2342.9,5476.766666666667,5674.653825858748,5844.957142857143,4079.8129405064446,4600.62,3556.5453128485274,343.0,57,202,32,74.32105263157895,5,1,5,0.49999999999999994,-0.8660254037844387
2023-05-14,2207.1,4236.3,9494.1,102.0,5897.866666666668,5437.891433573617,5880.2,4062.141779898879,4663.733333333334,3531.8128244750515,63.0,12,36,9,183.92499999999998,6,1,5,0.49999999999999994,-0.8660254037844387
2023-05-17,2189.6,2207.1,8505.6,3102.9,6138.700000000001,5153.2591784229135,4839.2,3912.620571944082,4733.903333333334,3458.2000223839127,165.0,15,51,14,145.97333333333333,2,0,5,0.49999999999999994,-0.8660254037844387
2023-05-18,2822.0,2189.6,2495.1,7516.0,2877.6666666666674,1176.643515825121,3936.914285714286,3645.3315594188784,4703.46,3477.022002310559,216.0,26,135,36,108.53846153846153,3,0,5,0.49999999999999994,-0.8660254037844387
2023-05-19,4578.0,2822.0,2973.0,4666.5,2406.233333333334,360.1707974465706,3983.6142857142854,3625.8238665755134,4546.993333333333,3451.6154842317687,260.0,46,228,45,99.52173913043478,4,0,5,0.49999999999999994,-0.8660254037844387
2023-05-20,6515.4,4578.0,1484.6,8291.1,3196.533333333334,1237.4651725738802,4212.9,3601.9333197603805,4544.043333333333,3451.547641744191,433.0,59,316,45,110.43050847457627,5,1,5,0.49999999999999994,-0.8660254037844387
2023-05-21,1170.8,6515.4,11972.7,1933.7,4638.466666666667,1847.4423004070547,4931.585714285714,3466.1665450603023,4484.8533333333335,3399.9136010050097,74.0,15,28,8,78.05333333333333,6,1,5,0.49999999999999994,-0.8660254037844387
2023-05-23,1854.8999999999999,1170.8,4236.3,1415.4,4088.066666666667,2705.77406546321,3388.457142857143,1824.9822554910438,4459.423333333334,3422.431722467816,94.0,26,86,28,71.34230769230768,1,0,5,0.49999999999999994,-0.8660254037844387
2023-05-24,3628.1,1854.8999999999999,2207.1,4396.5,3180.3666666666672,2908.4074170124964,3048.2571428571428,1862.1747643164908,4474.073333333333,3409.8698176114394,317.0,9,34,9,403.1222222222222,2,0,5,0.49999999999999994,-0.8660254037844387
2023-05-25,5326.48,3628.1,2189.6,8144.3,2217.933333333334,1268.2372504122784,3251.2571428571428,1832.4109126659278,4448.460000000001,3413.356751069094,397.0,18,95,26,295.91555555555556,3,0,5,0.49999999999999994,-0.8660254037844387
2023-05-26,3366.8,5326.48,2822.0,8596.2,3603.16,1735.9243724310027,3699.382857142857,1911.373674627015,4354.532666666667,3346.2595715648226,236.0,38,188,29,88.60000000000001,4,0,5,0.49999999999999994,-0.8660254037844387
2023-05-27,6410.7,3366.8,4578.0,877.0,4107.126666666667,1064.0424503436443,3777.2114285714283,1880.5365199629389,4180.219333333333,3252.577017547071,472.0,62,231,43,103.39838709677419,5,1,5,0.49999999999999994,-0.8660254037844387
2023-05-28,1497.0,6410.7,6515.4,1105.9,5034.66,1542.7900008750314,4039.0257142857145,2122.603680065736,4364.6759999999995,3215.4879427069523,116.0,13,33,11,115.15384615384616,6,1,5,0.49999999999999994,-0.8660254037844387
2023-05-31,1338.24,1497.0,1170.8,3950.4,3758.1666666666665,2480.1185099372383,3322.1114285714284,1990.1583175502194,4377.712666666667,3202.587125324788,78.0,14,54,13,95.58857142857143,2,0,5,0.49999999999999994,-0.8660254037844387
2023-06-01,1878.5,1338.24,1854.8999999999999,10285.3,3081.98,2883.8487847319543,3346.031428571428,1960.7813319816294,4290.640666666667,3249.7677187252175,138.0,17,44,14,110.5,3,0,6,1.2246467991473532e-16,-1.0
2023-06-02,3406.5,1878.5,3628.1,8796.1,1571.246666666667,277.67722725008537,3349.402857142857,1957.808152924381,4010.4139999999998,3072.6568817506536,197.0,42,159,32,81.10714285714286,4,0,6,1.2246467991473532e-16,-1.0
2023-06-03,9190.2,3406.5,5326.48,1100.8,2207.746666666667,1072.7196197205021,3317.745714285714,1954.3391613437873,3830.7606666666666,2937.7979737327923,591.0,91,410,52,100.9912087912088,5,1,6,1.2246467991473532e-16,-1.0
2023-06-04,2330.0,9190.2,3366.8,572.6,4825.066666666667,3856.745747820734,3869.7057142857143,2922.177737047368,4100.407333333334,3047.772935249756,282.0,25,65,18,93.2,6,1,6,1.2246467991473532e-16,-1.0
2023-06-07,8814.9,2330.0,6410.7,1184.3,4975.566666666667,3689.4530303736506,3721.5914285714284,2977.66550055257,4158.9873333333335,2994.0437718979515,518.0,65,431,56,135.61384615384614,2,0,6,1.2246467991473532e-16,-1.0
2023-06-08,4545.5,8814.9,1497.0,6672.0,6778.366666666666,3856.9660386543874,4065.048571428572,3441.9882488441167,4413.340666666667,3056.099241349804,324.0,57,269,36,79.74561403508773,3,0,6,1.2246467991473532e-16,-1.0
2023-06-09,10511.2,4545.5,1338.24,9092.7,5230.133333333333,3296.2136009872465,4500.548571428572,3250.4368165700935,4342.457333333334,3026.422294947973,669.5,88,567,63,119.44545454545455,4,0,6,1.2246467991473532e-16,-1.0
2023-06-10,11986.6,10511.2,1878.5,1284.8,7957.2,3073.943898316946,5810.971428571429,3593.9605737562465,4389.740666666667,3113.0384015730515,931.0,83,364,44,144.41686746987952,5,1,6,1.2246467991473532e-16,-1.0
2023-06-11,844.0,11986.6,3406.5,1674.5,9014.433333333334,3939.888976016116,7254.9857142857145,3776.619554323057,4746.467333333333,3349.18019997888,53.0,11,26,6,76.72727272727273,6,1,6,1.2246467991473532e-16,-1.0
2023-06-14,576.8,844.0,9190.2,3989.6,7780.600000000001,6052.397538166176,6888.914285714286,4299.7862165572005,4718.784,3378.74956123242,38.0,9,34,8,64.08888888888889,2,0,6,1.2246467991473532e-16,-1.0
2023-06-15,6519.9,576.8,2330.0,9494.1,4469.133333333333,6511.6877822369,5658.428571428572,4741.258170118384,4605.024,3460.6088329732397,662.0,9,17,9,724.4333333333333,3,0,6,1.2246467991473532e-16,-1.0
2023-06-16,4808.7,6519.9,8814.9,8505.6,2646.9,3356.7760887494373,6256.985714285714,4509.8591239744155,4505.884,3356.7606260856037,387.0,21,84,20,228.98571428571427,4,0,6,1.2246467991473532e-16,-1.0
2023-06-17,545.0,4808.7,4545.5,2495.1,3968.4666666666667,3059.3468981685137,5684.671428571429,4383.582561373858,4382.6539999999995,3271.643136610145,33.0,12,19,7,45.416666666666664,5,1,6,1.2246467991473532e-16,-1.0
2023-06-18,2166.0,545.0,10511.2,2973.0,3957.866666666667,3076.978310507454,5113.171428571429,4798.037820024035,4317.650666666666,3329.30447695024,174.0,20,37,10,108.3,6,1,6,1.2246467991473532e-16,-1.0
2023-06-21,1216.8,2166.0,11986.6,1484.6,2506.5666666666666,2152.1555852989122,3921.0,4237.239657685968,4290.750666666667,3343.772325522563,96.0,16,61,14,76.05,2,0,6,1.2246467991473532e-16,-1.0
2023-06-22,2207.6,1216.8,844.0,11972.7,1309.2666666666667,814.4463231750153,2382.457142857143,2359.879760960397,4281.824,3351.8697209412467,146.0,19,118,22,116.18947368421053,3,0,6,1.2246467991473532e-16,-1.0
2023-06-23,10680.0,2207.6,576.8,4236.3,1863.4666666666665,560.4158931840731,2577.2571428571428,2266.1380612966122,3956.3206666666665,3038.7732728690007,759.0,82,437,60,130.2439024390244,4,0,6,1.2246467991473532e-16,-1.0
2023-06-24,6592.4,10680.0,6519.9,2207.1,4701.466666666666,5201.20820322868,4020.5714285714284,3602.8417120907475,4171.1106666666665,3277.5915260667184,456.0,82,342,44,80.39512195121951,5,1,6,1.2246467991473532e-16,-1.0
2023-06-25,1207.0,6592.4,4808.7,2189.6,6493.333333333333,4237.068691127549,4030.9285714285716,3611.3182822501703,4317.287333333334,3284.7602953597616,81.0,17,46,9,71.0,6,1,6,1.2246467991473532e-16,-1.0
2023-06-28,2663.1,1207.0,545.0,2822.0,6159.8,4751.293436528624,3516.4000000000005,3736.4462849076303,4284.534000000001,3311.4977662647675,199.0,24,132,26,110.96249999999999,2,0,6,1.2246467991473532e-16,-1.0
2023-06-29,2187.6,2663.1,2166.0,4578.0,3487.5,2785.742236819473,3818.9857142857145,3536.103815608634,4279.2373333333335,3314.0438216266243,161.0,22,81,20,99.43636363636364,3,0,6,1.2246467991473532e-16,-1.0
2023-06-30,6156.2,2187.6,1216.8,6515.4,2019.2333333333333,742.507443284768,3822.0714285714284,3534.429989269508,4199.557333333333,3335.28124042598,504.0,58,247,37,106.14137931034483,4,0,6,1.2246467991473532e-16,-1.0
2023-07-01,9359.4,6156.2,2207.6,1170.8,3668.9666666666667,2167.088439204385,4527.7,3418.7840747844903,4187.584,3327.316149880021,667.0,91,510,53,102.85054945054945,5,1,7,-0.4999999999999997,-0.8660254037844388
2023-07-02,1634.8,9359.4,10680.0,1854.8999999999999,5901.066666666666,3592.7007352872183,5549.385714285714,3669.33409691213,4460.537333333333,3406.2394040135678,106.0,35,98,20,46.708571428571425,6,1,7,-0.4999999999999997,-0.8660254037844388
2023-07-05,1944.8,1634.8,6592.4,3628.1,5716.8,3881.0005874774074,4257.214285714285,3111.7226110460547,4453.2006666666675,3412.2768726345716,159.0,16,84,16,121.55,2,0,7,-0.4999999999999997,-0.8660254037844388
2023-07-06,2578.1,1944.8,1207.0,5326.48,4313.0,4373.058394304833,3593.2714285714283,3025.0435901621295,4397.090666666667,3440.0391088463857,150.0,24,127,29,107.42083333333333,3,0,7,-0.4999999999999997,-0.8660254037844388
2023-07-07,7065.4,2578.1,2663.1,3366.8,2052.5666666666666,480.7951365532728,3789.1428571428573,2885.973397808299,4305.478,3451.013739783596,438.0,61,370,47,115.82622950819672,4,0,7,-0.4999999999999997,-0.8660254037844388
2023-07-08,12549.3,7065.4,2187.6,6410.7,3862.7666666666664,2791.578840608536,4418.042857142857,3073.2809991154163,4428.764666666667,3482.247808162613,867.0,95,579,60,132.0978947368421,5,1,7,-0.4999999999999997,-0.8660254037844388
2023-07-09,665.0,12549.3,6156.2,1497.0,7397.599999999999,4993.893770396003,5898.285714285715,4132.694269855356,4633.384666666667,3771.0987616276875,41.0,14,25,7,47.5,6,1,7,-0.4999999999999997,-0.8660254037844388
2023-07-12,1594.5,665.0,9359.4,1338.24,6759.899999999999,5948.037013166612,5113.828571428572,4573.257775632268,4605.651333333333,3797.923589599011,135.0,14,69,13,113.89285714285714,2,0,7,-0.4999999999999997,-0.8660254037844388
2023-07-13,3438.3,1594.5,1634.8,1878.5,4936.266666666666,6609.440215580538,4004.557142857143,4305.7236174101845,4614.193333333333,3790.602493911828,250.0,28,119,26,122.79642857142858,3,0,7,-0.4999999999999997,-0.8660254037844388
2023-07-14,6303.9,3438.3,1944.8,3406.5,1899.2666666666667,1411.5453458296274,4262.2,4192.767076764465,4666.186666666666,3762.377085423461,490.0,53,224,41,118.94150943396225,4,0,7,-0.4999999999999997,-0.8660254037844388
2023-07-15,6241.7,6303.9,2578.1,9190.2,3778.9,2373.1031077473153,4884.928571428572,4114.191588762932,4762.7666666666655,3766.11215531837,424.0,73,307,43,85.5027397260274,5,1,7,-0.4999999999999997,-0.8660254037844388
2023-07-16,543.0,6241.7,7065.4,2330.0,5327.966666666666,1636.794823224131,5408.3,4003.3607061234657,4664.483333333334,3684.1679531413897,37.0,10,25,10,54.3,6,1,7,-0.4999999999999997,-0.8660254037844388
2023-07-19,4060.0,543.0,12549.3,8814.9,4362.866666666666,3308.247757247529,4476.528571428571,4301.340089132803,4604.916666666667,3737.27763034329,316.0,25,106,22,162.4,2,0,7,-0.4999999999999997,-0.8660254037844388
2023-07-20,3689.7,4060.0,665.0,4545.5,3614.9,2875.3053629136452,3263.7714285714287,2439.8619385218594,4446.42,3652.4409278331023,270.0,42,252,30,87.85,3,0,7,-0.4999999999999997,-0.8660254037844388
2023-07-21,9923.1,3689.7,1594.5,10511.2,2764.2333333333336,1932.5342592909697,3695.871428571428,2154.003521131674,4417.8933333333325,3654.9815434161405,637.0,86,538,53,115.38488372093023,4,0,7,-0.4999999999999997,-0.8660254037844388
2023-07-22,2192.7,9923.1,3438.3,11986.6,5890.933333333333,3496.863815382767,4885.671428571428,2952.1639671684325,4398.29,3622.6071673874444,160.0,30,95,18,73.08999999999999,5,1,7,-0.4999999999999997,-0.8660254037844388
2023-07-23,473.0,2192.7,6303.9,844.0,5268.5,4099.905867212074,4707.728571428571,3088.3436222427804,4071.8266666666664,3345.9189106291465,29.0,10,22,5,47.3,6,1,7,-0.4999999999999997,-0.8660254037844388
2023-07-26,2462.7,473.0,6241.7,576.8,4196.266666666666,5033.568023115741,3874.7428571428572,3360.439068959666,4059.4599999999996,3358.920843181424,197.0,15,62,16,164.17999999999998,2,0,7,-0.4999999999999997,-0.8660254037844388
2023-07-27,5889.0,2462.7,543.0,6519.9,1709.4666666666665,1079.2878964082204,3334.8857142857137,3217.311589629132,4122.323333333333,3308.7673272668317,529.0,25,153,28,235.56,3,0,7,-0.4999999999999997,-0.8660254037844388
2023-07-28,5473.5,5889.0,4060.0,4808.7,2941.566666666667,2739.570945117737,4098.599999999999,3075.5113547723026,4101.293333333333,3294.979463588696,357.0,43,256,41,127.29069767441861,4,0,7,-0.4999999999999997,-0.8660254037844388
2023-07-29,9727.0,5473.5,3689.7,545.0,4608.400000000001,1869.8078591127949,4300.528571428571,3118.655013898511,4123.453333333333,3302.128860215975,684.0,75,409,52,129.69333333333333,5,1,7,-0.4999999999999997,-0.8660254037844388
2023-07-30,1434.7,9727.0,9923.1,2166.0,7029.833333333333,2345.0354119572116,5163.0,3701.858462088114,4429.52,3383.5387419397002,90.0,22,76,17,65.21363636363637,6,1,7,-0.4999999999999997,-0.8660254037844388
2023-08-02,1192.8,1434.7,2192.7,1216.8,5545.066666666667,4146.6132160274265,3950.371428571428,3244.7631899797634,4405.1433333333325,3402.987001878499,99.0,22,93,10,54.21818181818182,2,0,8,-0.8660254037844385,-0.5000000000000004
2023-08-03,2612.2,1192.8,473.0,2207.6,4118.166666666667,4858.897758065435,3807.528571428571,3355.1674502247497,4404.343333333333,3403.7651201111175,189.0,27,129,23,96.74814814814815,3,0,8,-0.8660254037844385,-0.5000000000000004
2023-08-04,9545.8,2612.2,2462.7,10680.0,1746.5666666666666,759.3547941069999,4113.128571428571,3087.579467109198,4417.83,3395.5525300371028,629.0,74,476,49,128.99729729729728,4,0,8,-0.8660254037844385,-0.5000000000000004
2023-08-05,9453.9,9545.8,5889.0,6592.4,4450.266666666666,4469.56586855293,5125.0,3578.214164915237,4380.0233333333335,3329.087870488968,666.0,122,522,44,77.49098360655738,5,1,8,-0.8660254037844385,-0.5000000000000004
2023-08-06,1887.5,9453.9,5473.5,1207.0,7203.966666666667,3976.8520519794706,5634.271428571427,3940.4288504824367,4475.406666666666,3434.001536052246,111.0,51,91,15,37.009803921568626,6,1,8,-0.8660254037844385,-0.5000000000000004
2023-08-09,1030.0,1887.5,9727.0,2663.1,6962.399999999999,4395.232520584092,5121.985714285714,4190.013310809639,4498.089999999999,3413.856009260717,89.0,20,82,13,51.5,2,0,8,-0.8660254037844385,-0.5000000000000004
2023-08-10,5519.6,1030.0,1434.7,2187.6,4123.8,4635.871123100809,3879.557142857142,3874.490471815682,4443.653333333333,3456.874869981937,409.0,37,119,20,149.1783783783784,3,0,8,-0.8660254037844385,-0.5000000000000004
2023-08-11,6999.4,5519.6,1192.8,6156.2,2812.366666666667,2383.4136869904223,4463.114285714286,3750.5266307673746,4554.72,3435.3504192490286,475.0,72,344,50,97.21388888888889,4,0,8,-0.8660254037844385,-0.5000000000000004
2023-08-12,12449.0,6999.4,2612.2,9359.4,4516.333333333333,3108.591657540967,5292.628571428571,3543.0644009173284,4582.826666666666,3452.31239425696,848.0,121,589,55,102.88429752066116,5,1,8,-0.8660254037844385,-0.5000000000000004
2023-08-13,1580.0,12449.0,9545.8,1634.8,8322.666666666666,3649.304330051598,6697.885714285714,4193.756337870458,4685.8133333333335,3640.6621586751485,96.0,28,53,12,56.42857142857143,6,1,8,-0.8660254037844385,-0.5000000000000004
2023-08-16,2508.0,1580.0,9453.9,1944.8,7009.466666666667,5434.506992665786,5559.914285714286,4369.264601138498,4683.986666666666,3642.259158982979,204.0,19,41,11,132.0,2,0,8,-0.8660254037844385,-0.5000000000000004
2023-08-17,1227.6,2508.0,1887.5,2578.1,5512.333333333333,6025.222347211205,4567.642857142857,4119.095306762216,4702.759999999999,3629.081307191517,98.0,19,84,28,64.61052631578947,3,0,8,-0.8660254037844385,-0.5000000000000004
2023-08-18,4433.8,1227.6,1030.0,7065.4,1771.8666666666668,661.4118636169504,4473.371428571429,4197.46327588235,4657.743333333333,3664.5480729677906,328.0,49,206,35,90.4857142857143,4,0,8,-0.8660254037844385,-0.5000000000000004
2023-08-19,8421.5,4433.8,5519.6,12549.3,2723.133333333333,1613.890136698673,4959.6285714285705,3920.0728044745542,4570.0233333333335,3636.3156838873397,527.0,83,414,51,101.46385542168674,5,1,8,-0.8660254037844385,-0.5000000000000004
2023-08-20,550.0,8421.5,6999.4,665.0,4694.3,3604.0178259825457,5374.185714285714,4136.621148726977,4432.429999999999,3394.000891344648,33.0,15,23,6,36.666666666666664,6,1,8,-0.8660254037844385,-0.5000000000000004
2023-08-23,844.7,550.0,12449.0,1594.5,4468.433333333333,3935.8642841608857,4452.842857142857,4422.65276497306,4428.596666666666,3398.4647270529344,80.0,13,73,10,64.97692307692309,2,0,8,-0.8660254037844385,-0.5000000000000004
2023-08-24,1121.8,844.7,1580.0,3438.3,3272.066666666667,4461.973751977175,2795.0857142857144,2804.8232115581286,4403.6033333333335,3422.6969801991463,104.0,12,50,11,93.48333333333333,3,0,8,-0.8660254037844385,-0.5000000000000004
2023-08-25,11355.7,1121.8,2508.0,6303.9,838.8333333333334,285.9451404259837,2729.628571428571,2842.993106284461,4326.386666666666,3471.0146291362917,825.0,93,537,56,122.10430107526882,4,0,8,-0.8660254037844385,-0.5000000000000004
2023-08-26,8167.6,11355.7,1227.6,6241.7,4440.733333333334,5990.139322531095,3993.5857142857144,4314.17304297845,4494.78,3686.135868676685,528.0,91,327,42,89.75384615384615,5,1,8,-0.8660254037844385,-0.5000000000000004
2023-08-27,714.8,8167.6,4433.8,543.0,6881.7,5236.729075482136,4985.0142857142855,4369.66318817541,4558.9766666666665,3734.067637557007,49.0,17,42,13,42.04705882352941,6,1,8,-0.8660254037844385,-0.5000000000000004
2023-08-30,13129.0,714.8,8421.5,4060.0,6746.033333333334,5461.028020742369,4453.728571428572,4664.0250777321435,4564.703333333334,3727.8227645344946,1082.0,10,46,7,1312.9,2,0,8,-0.8660254037844385,-0.5000000000000004
2023-08-31,3197.2,13129.0,550.0,3689.7,7337.133333333334,6248.627575182675,5126.228571428571,5580.772199470339,4867.003333333333,4040.118245067393,234.0,35,138,25,91.34857142857142,3,0,8,-0.8660254037844385,-0.5000000000000004
2023-09-01,7275.7,3197.2,844.7,9923.1,5680.333333333333,6569.060341733306,5504.400000000001,5301.702524346941,4850.586666666666,4046.063316252779,523.0,74,434,49,98.32027027027027,4,0,9,-1.0,-1.8369701987210297e-16
2023-09-02,8954.8,7275.7,1121.8,2192.7,7867.3,4992.259581592287,6423.114285714286,4901.781070328278,4762.34,3959.560152131146,609.0,106,454,53,84.47924528301886,5,1,9,-1.0,-1.8369701987210297e-16
2023-09-03,1599.0,8954.8,11355.7,473.0,6475.899999999999,2960.9541485811583,7542.114285714286,4353.257752698391,4987.743333333333,4000.4950236519935,108.0,25,59,17,63.96,6,1,9,-1.0,-1.8369701987210297e-16
2023-09-06,9325.8,1599.0,8167.6,2462.7,5943.166666666667,3854.6961259395403,6148.300000000001,4488.564394473292,5025.276666666667,3961.771042809475,611.0,82,461,48,113.72926829268292,2,0,9,-1.0,-1.8369701987210297e-16
2023-09-07,1534.6,9325.8,714.8,5889.0,6626.533333333333,4357.921386777566,6313.757142857142,4595.478996382264,5254.046666666666,4006.593249127496,94.0,39,79,19,39.34871794871795,3,0,9,-1.0,-1.8369701987210297e-16
2023-09-08,5198.9,1534.6,13129.0,5473.5,4153.133333333333,4479.776464661298,6430.871428571429,4436.713777378592,5108.9,4061.2975061909838,349.0,54,263,39,96.27592592592592,4,0,9,-1.0,-1.8369701987210297e-16
2023-09-09,6721.2,5198.9,3197.2,9727.0,5353.099999999999,3897.888221845254,5298.0,3310.982190126274,5099.746666666667,4060.7568468785794,447.0,95,397,49,70.74947368421053,5,1,9,-1.0,-1.8369701987210297e-16
2023-09-10,727.0,6721.2,7275.7,1434.7,4484.900000000001,2665.999229182175,5801.428571428571,3204.519560825669,4999.553333333332,3978.906084698478,42.0,16,35,7,45.4375,6,1,9,-1.0,-1.8369701987210297e-16
2023-09-13,1144.5,727.0,8954.8,1192.8,4215.7,3115.705392042057,4865.9,3630.0488247405215,4975.963333333333,4002.7962353475655,86.0,19,52,18,60.23684210526316,2,0,9,-1.0,-1.8369701987210297e-16
2023-09-14,1549.9,1144.5,1599.0,2612.2,2864.2333333333336,3346.747744203806,3750.1428571428573,3353.576289007081,4974.353333333333,4004.3797662347015,120.0,18,108,17,86.10555555555555,3,0,9,-1.0,-1.8369701987210297e-16
2023-09-15,6796.8,1549.9,9325.8,9545.8,1140.4666666666667,411.46482636216695,3743.128571428571,3358.872633148556,4938.943333333334,4030.59916087468,454.0,86,401,48,79.03255813953488,4,0,9,-1.0,-1.8369701987210297e-16
2023-09-16,8331.2,6796.8,1534.6,9453.9,3163.7333333333336,3152.8506693678455,3381.842857142857,2736.699640599452,4847.3099999999995,3952.750074040551,555.0,109,438,53,76.43302752293579,5,1,9,-1.0,-1.8369701987210297e-16
2023-09-17,1158.8,8331.2,5198.9,1887.5,5559.3,3555.989610502253,4352.785714285715,3147.005700359514,4809.886666666667,3912.7447118124237,81.0,32,56,16,36.2125,6,1,9,-1.0,-1.8369701987210297e-16
2023-09-20,517.0,1158.8,6721.2,1030.0,5428.933333333333,3776.7876367798726,3775.628571428572,3331.059192266175,4785.596666666666,3933.7178786243926,42.0,12,27,8,43.083333333333336,2,0,9,-1.0,-1.8369701987210297e-16
2023-09-21,1510.5,517.0,727.0,5519.6,3335.6666666666665,4338.143816580229,2889.3142857142857,3240.862284654388,4768.496666666667,3951.68053726629,103.0,21,71,13,71.92857142857143,3,0,9,-1.0,-1.8369701987210297e-16
2023-09-22,8090.9,1510.5,1144.5,6999.4,1062.1000000000001,503.7595954420241,3001.2428571428572,3166.411212954475,4634.86,3992.9775265220737,559.0,76,466,44,106.45921052631579,4,0,9,-1.0,-1.8369701987210297e-16
2023-09-23,10184.0,8090.9,1549.9,12449.0,3372.7999999999997,4116.0795995704375,3993.585714285714,3552.484229112815,4671.243333333333,4020.146107113549,786.0,88,628,56,115.72727272727273,5,1,9,-1.0,-1.8369701987210297e-16
2023-09-24,996.0,10184.0,6796.8,1580.0,6595.133333333334,4526.078766806131,5227.028571428571,4029.491807790117,4595.743333333333,3888.141328643513,65.0,32,49,13,31.125,6,1,9,-1.0,-1.8369701987210297e-16
2023-09-27,551.81,996.0,8331.2,2508.0,6423.633333333334,4815.565346180374,4398.342857142857,4243.646343204216,4576.276666666667,3905.185422917561,40.001,13,33,13,42.44692307692307,2,0,9,-1.0,-1.8369701987210297e-16
2023-09-28,1022.9,551.81,1158.8,1227.6,3910.603333333333,5437.458550833586,3287.0014285714283,4056.560469085558,4511.070333333333,3956.9002585953936,86.0,18,67,12,56.827777777777776,3,0,9,-1.0,-1.8369701987210297e-16
2023-09-29,13027.5,1022.9,517.0,4433.8,856.9033333333333,264.56069064252193,3267.587142857142,4068.75027072079,4504.246999999999,3962.929463927297,914.0,113,635,53,115.28761061946902,4,0,9,-1.0,-1.8369701987210297e-16
2023-09-30,8438.9,13027.5,1510.5,8421.5,4867.403333333333,7070.7753927015165,5054.801428571429,5238.632099128009,4790.703666666666,4257.320852576493,571.0,141,426,53,59.85035460992908,5,1,9,-1.0,-1.8369701987210297e-16
2023-10-01,501.0,8438.9,8090.9,550.0,7496.433333333333,6057.539752517791,6044.572857142856,5110.318251324849,4791.283666666667,4257.833708516883,31.0,13,18,7,38.53846153846154,6,1,10,-0.8660254037844386,0.5000000000000001
2023-10-04,1362.5,501.0,10184.0,844.7,7322.466666666666,6337.4378184983625,4960.301428571428,5400.715219766205,4789.650333333334,4259.52585817789,91.0,23,69,14,59.23913043478261,2,0,10,-0.8660254037844386,0.5000000000000001
2023-10-05,3485.8,1362.5,996.0,1121.8,3434.133333333333,4355.607030407268,3700.087142857143,4992.436234661107,4806.910333333333,4244.010158771425,305.0,39,275,28,89.37948717948719,3,0,10,-0.8660254037844386,0.5000000000000001
2023-10-06,7857.4,3485.8,551.81,11355.7,1783.1000000000001,1536.2083289709994,4055.772857142857,4854.461225768572,4885.710333333333,4194.89038839534,530.0,70,425,50,112.24857142857142,4,0,10,-0.8660254037844386,0.5000000000000001
2023-10-07,7951.1,7857.4,1022.9,8167.6,4235.233333333334,3311.671669011473,5099.428571428572,4759.986961366701,4769.100333333333,4055.1299659179963,588.0,133,486,55,59.78270676691729,5,1,10,-0.8660254037844386,0.5000000000000001
2023-10-08,746.0,7951.1,13027.5,714.8,6431.433333333333,2551.4234700130173,6089.171428571428,4483.333274738898,4761.883666666667,4049.0614138472606,57.0,16,38,10,46.625,6,1,10,-0.8660254037844386,0.5000000000000001
2023-10-11,7957.7,746.0,8438.9,13129.0,5518.166666666667,4133.083103850352,4334.671428571429,3639.204338732253,4762.923666666667,4047.9899423655916,612.0,56,315,39,142.1017857142857,2,0,10,-0.8660254037844386,0.5000000000000001
2023-10-12,618.0,7957.7,501.0,3197.2,5551.599999999999,4161.772988763314,4265.928571428572,3552.262521133208,4590.5470000000005,3780.733398018258,51.0,23,46,9,26.869565217391305,3,0,10,-0.8660254037844386,0.5000000000000001
2023-10-13,12744.4,618.0,1362.5,7275.7,3107.2333333333336,4201.114871475574,4282.642857142857,3531.8114865024304,4504.573666666667,3842.333958287622,1001.0,85,451,47,149.93411764705883,4,0,10,-0.8660254037844386,0.5000000000000001
2023-10-14,9459.8,12744.4,3485.8,8954.8,7106.7,6107.826535683536,5908.628571428571,4461.118079104647,4686.863666666667,4099.45784762216,674.0,86,326,45,109.99767441860465,5,1,10,-0.8660254037844386,0.5000000000000001
2023-10-15,795.0,9459.8,7857.4,1599.0,7607.399999999999,6271.83653804848,6762.057142857142,4491.69205380228,4703.697,4118.579536483296,53.0,21,35,9,37.857142857142854,6,1,10,-0.8660254037844386,0.5000000000000001
2023-10-18,1562.5,795.0,7951.1,9325.8,7666.399999999999,6173.2692116900225,5753.142857142857,4972.129385503813,4676.897,4142.027848054996,142.0,18,105,18,86.80555555555556,2,0,10,-0.8660254037844386,0.5000000000000001
2023-10-19,2233.1,1562.5,746.0,1534.6,3939.1,4796.442476461061,4840.485714285714,5086.457416325755,4418.120333333333,4083.6666029680273,170.0,30,137,21,74.43666666666667,3,0,10,-0.8660254037844386,0.5000000000000001
2023-10-20,3423.1,2233.1,7957.7,5198.9,1530.2,719.5938924142508,5052.928571428572,4915.113045737707,4441.403666666666,4068.6226413679115,223.0,42,188,39,81.50238095238095,4,0,10,-0.8660254037844386,0.5000000000000001
2023-10-21,3818.9,3423.1,618.0,6721.2,2406.233333333333,942.3053928176557,4405.128571428571,4764.996462997742,4382.210333333333,4070.139546361832,245.0,48,199,40,79.56041666666667,5,1,10,-0.8660254037844386,0.5000000000000001
2023-10-22,570.0,3818.9,12744.4,727.0,3158.366666666667,825.3806475398162,4862.400000000001,4486.438616542083,4285.467,4047.0538861873924,37.0,21,29,10,27.142857142857142,6,1,10,-0.8660254037844386,0.5000000000000001
2023-10-25,686.9,570.0,9459.8,1144.5,2604.0,1772.5776174824916,3123.2,3052.153503129665,4280.233666666666,4051.9126840598014,45.0,14,37,11,49.06428571428571,2,0,10,-0.8660254037844386,0.5000000000000001
2023-10-26,2516.7,686.9,795.0,1549.9,1691.9333333333334,1842.934291648302,1869.9285714285713,1334.2962723402004,4264.980333333333,4064.964422224154,175.0,25,154,27,100.66799999999999,3,0,10,-0.8660254037844386,0.5000000000000001
2023-10-27,2085.4,2516.7,1562.5,6796.8,1257.8666666666666,1091.7474173696144,2115.8857142857146,1259.7259416616155,4297.206999999999,4046.4876341674385,144.0,32,117,27,65.16875,4,0,10,-0.8660254037844386,0.5000000000000001
2023-10-28,10576.8,2085.4,2233.1,8331.2,1763.0,956.5554505620129,2190.5857142857144,1236.7356015314044,4140.160333333333,4037.5479858572426,731.0,110,596,55,96.15272727272726,5,1,10,-0.8660254037844386,0.5000000000000001
2023-10-29,2957.5,10576.8,3423.1,1158.8,5059.633333333333,4782.870575641083,3382.542857142857,3404.8626858544285,4215.013666666667,4137.504847254151,273.0,55,126,21,53.77272727272727,6,1,10,-0.8660254037844386,0.5000000000000001
2023-11-01,4867.3,2957.5,3818.9,517.0,5206.566666666667,4671.155546899853,3316.0285714285715,3408.484192772643,4274.970333333334,4104.591621753478,327.0,45,253,34,108.16222222222223,2,0,11,-0.5000000000000004,0.8660254037844384
2023-11-02,272.0,4867.3,570.0,1510.5,6133.866666666666,3964.4137603601966,3465.7999999999997,3456.9526551574327,4419.980333333334,4043.641988759452,17.0,9,14,6,30.22222222222222,3,0,11,-0.5000000000000004,0.8660254037844384
2023-11-03,2389.9,272.0,686.9,8090.9,2698.9333333333334,2308.5359133730717,3423.2285714285713,3500.12248533976,4378.697,4080.5244384541693,173.0,29,116,31,82.41034482758621,4,0,11,-0.5000000000000004,0.8660254037844384
2023-11-04,11605.8,2389.9,2516.7,10184.0,2509.7333333333336,2299.9925094080722,3666.514285714286,3333.444234536095,4188.663666666666,4034.1695442996747,777.0,139,648,54,83.49496402877698,5,1,11,-0.5000000000000004,0.8660254037844384
2023-11-05,2015.3,11605.8,2085.4,996.0,4755.900000000001,6025.962380400323,4964.957142857143,4407.94000596543,4236.057,4114.581569410438,149.0,48,102,16,41.985416666666666,6,1,11,-0.5000000000000004,0.8660254037844384
2023-11-08,2235.9,2015.3,10576.8,551.81,5337.0,5432.170042441596,4954.942857142857,4415.6452245989885,4270.033666666666,4091.044985474462,195.0,12,30,9,186.32500000000002,2,0,11,-0.5000000000000004,0.8660254037844384
2023-11-09,1392.6,2235.9,2957.5,1022.9,5285.666666666667,5474.507293203039,3763.3857142857146,3715.6604134521313,4326.17,4049.609589624573,122.0,22,112,14,63.3,3,0,11,-0.5000000000000004,0.8660254037844384
2023-11-10,5471.4,1392.6,4867.3,13027.5,1881.266666666667,437.335595776559,3539.828571428571,3817.899125485242,4338.493333333333,4039.7613506615517,394.0,49,264,36,111.66122448979591,4,0,11,-0.5000000000000004,0.8660254037844384
2023-11-11,8426.1,5471.4,272.0,8438.9,3033.3000000000006,2153.1459379243,3626.128571428572,3859.507230081017,4086.6233333333334,3700.6614837111188,578.0,88,440,47,95.75113636363636,5,1,11,-0.5000000000000004,0.8660254037844384
2023-11-12,1294.9,8426.1,2389.9,501.0,5096.7,3531.689486633832,4791.0,3908.6622920550935,4086.1966666666663,3700.143087585828,96.0,35,81,15,36.99714285714286,6,1,11,-0.5000000000000004,0.8660254037844384
2023-11-14,3753.4,1294.9,11605.8,1362.5,5064.133333333333,3583.0019485528155,4634.571428571428,4040.461817546066,4112.66,3676.380340779359,265.0,42,143,24,89.36666666666667,1,0,11,-0.5000000000000004,0.8660254037844384
2023-11-15,479.9,3753.4,2015.3,3485.8,4491.466666666667,3622.4384278180996,3512.7999999999997,2624.3039559725853,4192.356666666667,3640.445884274799,34.0,16,25,8,29.99375,2,0,11,-0.5000000000000004,0.8660254037844384
2023-11-16,1452.9,479.9,2235.9,7857.4,1842.7333333333333,1704.1248731631256,3293.457142857143,2826.6890129956814,4092.1600000000003,3701.418515929934,135.0,19,55,13,76.46842105263158,3,0,11,-0.5000000000000004,0.8660254037844384
2023-11-17,5911.8,1452.9,1392.6,7951.1,1895.3999999999999,1681.013161756893,3181.5999999999995,2890.2901815100427,3878.6766666666667,3661.240975565649,399.0,70,336,42,84.45428571428572,4,0,11,-0.5000000000000004,0.8660254037844384
2023-11-18,7819.2,5911.8,5471.4,746.0,2614.866666666667,2896.378653307134,3827.2000000000003,2928.5530989438053,3810.7,3601.4662379034744,537.0,113,419,46,69.19646017699115,5,1,11,-0.5000000000000004,0.8660254037844384
2023-11-19,9936.0,7819.2,8426.1,7957.7,5061.3,3267.2552104174447,4162.599999999999,3263.529729194047,4046.4733333333334,3625.361941686633,662.0,96,542,49,103.5,6,1,11,-0.5000000000000004,0.8660254037844384
2023-11-20,804.0,9936.0,1294.9,618.0,7889.0,2013.0078092247852,4378.3,3622.4482430165062,4112.416666666667,3715.8217249730374,58.0,24,45,11,33.5,0,0,11,-0.5000000000000004,0.8660254037844384
2023-11-22,1356.0,804.0,3753.4,12744.4,6186.400000000001,4779.945907643721,4308.171428571428,3696.093127756342,4118.616666666667,3709.940614180652,120.0,18,39,7,75.33333333333333,2,0,11,-0.5000000000000004,0.8660254037844384
2023-11-23,2858.8,1356.0,479.9,9459.8,4032.0,5120.457792033826,3965.6857142857148,3863.355536503029,3739.0033333333336,3363.3462694048512,229.0,32,206,29,89.3375,3,0,11,-0.5000000000000004,0.8660254037844384
2023-11-24,7545.5,2858.8,1452.9,795.0,1672.9333333333334,1063.4311511956155,4305.528571428572,3601.368669785742,3518.9700000000003,3187.5060464202265,486.0,59,407,46,127.88983050847457,4,0,11,-0.5000000000000004,0.8660254037844384
2023-11-25,7750.4,7545.5,5911.8,1562.5,3920.1,3228.3503264051014,5175.900000000001,3532.6156008449866,3743.9866666666667,3226.6113609015324,519.0,99,431,51,78.28686868686869,5,1,11,-0.5000000000000004,0.8660254037844384
2023-11-26,5130.0,7750.4,7819.2,2233.1,6051.566666666667,2766.9143903151894,5438.557142857143,3662.4176422399637,3950.25,3279.695802730532,427.0,88,366,36,58.29545454545455,6,1,11,-0.5000000000000004,0.8660254037844384
2023-11-29,608.8,5130.0,9936.0,3423.1,6808.633333333334,1457.3446412339417,5054.385714285715,3508.904178623571,4046.813333333333,3270.0269102270686,43.0,10,33,9,60.879999999999995,2,0,11,-0.5000000000000004,0.8660254037844384
2023-11-30,2489.1,608.8,804.0,3818.9,4496.400000000001,3612.7135729254715,3721.9285714285716,3092.4486321329546,3953.0033333333336,3328.384260028023,155.0,31,136,18,80.29354838709678,3,0,11,-0.5000000000000004,0.8660254037844384
2023-12-01,7678.8,2489.1,1356.0,570.0,2742.633333333333,2271.237927504126,3962.6571428571433,2886.1548433034295,3908.6766666666667,3339.0696378898947,528.0,78,401,50,98.44615384615385,4,0,12,-2.4492935982947064e-16,1.0
2023-12-02,15614.1,7678.8,2858.8,686.9,3592.2333333333336,3661.816811820773,4865.914285714285,2923.561774290957,4145.636666666666,3346.200945022767,1129.0,158,791,56,98.823417721519,5,1,12,-2.4492935982947064e-16,1.0
2023-12-03,4123.7,15614.1,7545.5,2516.7,8594.0,6610.189069156796,6688.099999999999,4822.443081399035,4643.21,3881.2110508101764,344.0,59,108,24,69.89322033898304,6,1,12,-2.4492935982947064e-16,1.0
2023-12-04,4424.8,4123.7,7750.4,2085.4,9138.866666666667,5882.700828984364,6199.271428571429,4893.943240276463,4696.776666666667,3861.891360968035,306.0,35,250,43,126.42285714285715,0,0,12,-2.4492935982947064e-16,1.0
2023-12-05,311.0,4424.8,5130.0,10576.8,8054.2,6548.796172580116,5724.185714285713,4879.666767799003,4774.756666666667,3830.8376613174064,19.0,12,18,9,25.916666666666668,1,0,12,-2.4492935982947064e-16,1.0
2023-12-07,2483.3,311.0,608.8,2957.5,2953.1666666666665,2293.130790716756,5035.757142857142,5299.353297292402,4432.563333333334,3752.391085279499,169.0,26,122,23,95.51153846153846,3,0,12,-2.4492935982947064e-16,1.0
2023-12-08,6495.3,2483.3,2489.1,4867.3,2406.366666666667,2057.9787810697294,5303.542857142857,5081.23993754056,4416.756666666666,3759.810372298539,410.0,63,290,43,103.10000000000001,4,0,12,-2.4492935982947064e-16,1.0
2023-12-09,7406.8,6495.3,7678.8,272.0,3096.5333333333333,3137.424574923397,5875.857142857143,4934.916190054012,4471.0233333333335,3778.241033884212,507.0,87,308,42,85.13563218390804,5,1,12,-2.4492935982947064e-16,1.0
2023-12-10,1854.9,7406.8,15614.1,2389.9,5461.8,2619.4092368318366,5837.0,4919.400382838006,4708.85,3729.0481173091475,150.0,27,64,16,68.7,6,1,12,-2.4492935982947064e-16,1.0
2023-12-13,2924.9,1854.9,4123.7,11605.8,5252.333333333334,2977.3516761264996,3871.4000000000005,2530.59127609867,4691.016666666666,3741.777913393701,257.0,22,41,12,132.95000000000002,2,0,12,-2.4492935982947064e-16,1.0
2023-12-14,1327.6,2924.9,4424.8,2015.3,4062.2000000000003,2945.5028212513953,3700.1428571428573,2551.1519338376993,4401.653333333334,3517.538137992235,97.0,23,80,17,57.72173913043478,3,0,12,-2.4492935982947064e-16,1.0
2023-12-15,544.0,1327.6,311.0,2235.9,2035.8,813.8706469703335,3257.6857142857143,2670.3217817512655,4378.73,3535.8192695611574,31.0,14,21,10,38.857142857142854,4,0,12,-2.4492935982947064e-16,1.0
2023-12-16,9069.3,544.0,2483.3,1392.6,1598.8333333333333,1213.4030012049739,3290.971428571429,2628.5955817472127,4322.333333333333,3584.3363043928375,573.0,79,419,52,114.8012658227848,5,1,12,-2.4492935982947064e-16,1.0
2023-12-17,820.9,9069.3,6495.3,5471.4,3646.966666666666,4712.194958120181,4231.828571428571,3366.436077770424,4578.223333333333,3641.534821897486,60.0,22,51,16,37.31363636363636,6,1,12,-2.4492935982947064e-16,1.0
2023-12-20,375.9,820.9,7406.8,8426.1,3478.0666666666657,4844.12902835311,3421.2000000000003,3413.4208462088804,4423.206666666667,3700.7050072909765,27.0,8,25,5,46.9875,2,0,12,-2.4492935982947064e-16,1.0
2023-12-21,4241.8,375.9,1854.9,1294.9,3422.0333333333324,4895.735067723053,2416.785714285714,3061.469134488958,4154.866666666667,3692.2969886838296,276.0,41,197,33,103.45853658536586,3,0,12,-2.4492935982947064e-16,1.0
2023-12-22,4809.8,4241.8,2924.9,3753.4,1812.866666666666,2115.252728005152,2757.7714285714287,3120.8071166042323,4253.096666666666,3652.5726814721675,334.0,55,232,34,87.4509090909091,4,0,12,-2.4492935982947064e-16,1.0
2023-12-23,14688.4,4809.8,1327.6,479.9,3142.5,2412.718937215837,3027.042857142857,3217.451422506715,4288.31,3652.6813537407716,924.0,136,719,50,108.00294117647059,5,1,12,-2.4492935982947064e-16,1.0
2023-12-24,2976.4,14688.4,544.0,1452.9,7913.333333333333,5874.249079953393,4935.728571428573,5318.3571748283,4761.926666666666,4042.2290451862236,238.0,58,94,18,51.317241379310346,6,1,12,-2.4492935982947064e-16,1.0
2023-12-27,1700.6,2976.4,9069.3,5911.8,7491.533333333332,6299.72271241626,5283.214285714285,5056.612874717814,4812.71,4008.6541448901316,124.0,14,41,12,121.47142857142856,2,0,12,-2.4492935982947064e-16,1.0
2023-12-28,1652.9,1700.6,820.9,7819.2,6455.133333333331,7158.6958598150595,4230.542857142857,4901.698051307374,4672.336666666667,4042.43023179795,136.0,11,17,5,150.26363636363638,3,0,12,-2.4492935982947064e-16,1.0
2023-12-29,6778.6,1652.9,375.9,9936.0,2109.966666666666,750.7322181265637,4349.400000000001,4814.553490200315,4466.793333333333,4033.663647777576,446.0,61,333,42,111.12459016393443,4,0,12,-2.4492935982947064e-16,1.0
2023-12-30,12838.7,6778.6,4241.8,804.0,3377.3666666666663,2945.651025381867,5264.071428571428,4533.8632440463325,4361.546666666666,3925.788973875481,846.0,104,493,52,123.44903846153846,5,1,12,-2.4492935982947064e-16,1.0
2023-12-31,1144.0,12838.7,4809.8,1356.0,7090.066666666666,5599.4007735947325,6492.2,5308.913198574644,4762.703333333334,4157.755292801165,89.0,25,75,14,45.76,6,1,12,-2.4492935982947064e-16,1.0
2024-01-03,1572.9,1144.0,14688.4,2858.8,6920.433333333332,5848.63997381727,5968.5142857142855,5670.984665948995,4755.636666666667,4163.920695730569,120.0,12,24,6,131.07500000000002,2,0,1,0.49999999999999994,0.8660254037844387
2024-01-04,2619.5,1572.9,2976.4,7545.5,5185.2,6631.593736802633,4094.871428571429,4314.156110494186,4712.7733333333335,4190.652721106767,170.0,26,115,18,100.75,3,0,1,0.49999999999999994,0.8660254037844387
2024-01-05,5640.1,2619.5,1700.6,7750.4,1778.7999999999993,758.9935243464727,4043.8857142857146,4331.6510206573585,4548.573333333334,4172.298383875722,372.0,63,290,38,89.52539682539683,4,0,1,0.49999999999999994,0.8660254037844387
2024-01-06,8953.8,5640.1,1652.9,5130.0,3277.4999999999995,2111.9308606107097,4606.671428571429,4231.213796975322,4478.23,4134.069679120998,605.0,94,336,42,95.2531914893617,5,1,1,0.49999999999999994,0.8660254037844387
2024-01-07,677.0,8953.8,6778.6,608.8,5737.799999999999,3168.279989205486,5649.657142857142,4281.29746566667,4605.6900000000005,4213.050219410619,47.0,21,40,9,32.23809523809524,6,1,1,0.49999999999999994,0.8660254037844387
2024-01-10,425.0,677.0,12838.7,2489.1,5090.299999999999,4165.700972225432,4778.0,4620.810747765667,4607.963333333334,4210.83697466785,26.0,13,23,5,32.69230769230769,2,0,1,0.49999999999999994,0.8660254037844387
2024-01-11,3315.9,425.0,1144.0,7678.8,3351.9333333333325,4852.994808706602,3004.6142857142854,3164.142803050339,4539.160000000001,4263.189983600997,255.0,23,74,14,144.1695652173913,3,0,1,0.49999999999999994,0.8660254037844387
2024-01-12,4216.8,3315.9,1572.9,15614.1,1472.6333333333325,1601.2807384507018,3314.8857142857146,3055.921378476317,4393.73,4226.653544627279,247.0,46,196,36,91.66956521739131,4,0,1,0.49999999999999994,0.8660254037844387
2024-01-13,6881.5,4216.8,2619.5,4123.7,2652.566666666666,1981.0212374765783,3692.585714285714,2966.8239737855356,4013.82,3657.199128257051,426.0,86,364,46,80.01744186046511,5,1,1,0.49999999999999994,0.8660254037844387
2024-01-14,1413.0,6881.5,5640.1,4424.8,4804.733333333333,1854.0833431464855,4301.442857142857,3142.052916410518,4105.746666666667,3694.525577562614,108.0,24,60,10,58.875,6,1,1,0.49999999999999994,0.8660254037844387
2024-01-17,2056.7,1413.0,8953.8,311.0,4170.433333333333,2734.5448365922334,3697.5714285714284,3246.368572581931,4005.3533333333335,3726.3404577027904,160.0,20,56,14,102.835,2,0,1,0.49999999999999994,0.8660254037844387
2024-01-18,1887.7,2056.7,677.0,2483.3,3450.399999999999,2988.7995633698665,2712.2714285714287,2291.3700804789914,4063.5433333333335,3680.0028297106187,151.0,20,92,18,94.385,3,0,1,0.49999999999999994,0.8660254037844387
2024-01-19,12088.7,1887.7,425.0,6495.3,1785.7999999999993,333.729126687935,2885.2285714285717,2153.69643923673,4043.69,3690.4139780256223,826.0,105,671,49,115.1304761904762,4,0,1,0.49999999999999994,0.8660254037844387
2024-01-20,12198.5,12088.7,3315.9,7406.8,5344.366666666666,5841.375209086749,4551.471428571429,3808.916184740876,4230.136666666666,3950.663096108554,797.0,146,600,44,83.5513698630137,5,1,1,0.49999999999999994,0.8660254037844387
2024-01-21,2159.1,12198.5,4216.8,1854.9,8724.966666666665,5921.501128373893,5820.414285714286,4703.295872906072,4389.860000000001,4174.068989945852,137.0,38,98,20,56.81842105263158,6,1,1,0.49999999999999994,0.8660254037844387
2024-01-24,348.0,2159.1,6881.5,2924.9,8815.433333333332,5764.815182929396,5526.4571428571435,4881.166532656293,4400.0,4168.063676130185,24.0,10,15,8,34.8,2,0,1,0.49999999999999994,0.8660254037844387
2024-01-25,1166.8,348.0,1413.0,1327.6,4901.866666666666,6383.62469944257,4593.1,5193.53618549058,4314.1033333333335,4225.665939395567,81.0,21,59,12,55.561904761904756,3,0,1,0.49999999999999994,0.8660254037844387
2024-01-26,8956.7,1166.8,2056.7,544.0,1224.6333333333325,906.9340236936799,4557.928571428572,5219.430766125842,4308.743333333334,4229.684835954772,577.0,106,499,42,84.49716981132076,4,0,1,0.49999999999999994,0.8660254037844387
2024-01-27,10113.7,8956.7,1887.7,9069.3,3490.4999999999995,4751.538191996346,5543.642857142857,5318.934139423411,4589.166666666667,4250.305757628896,619.0,124,497,42,81.56209677419355,5,1,1,0.49999999999999994,0.8660254037844387
2024-01-28,1003.0,10113.7,12088.7,820.9,6745.733333333333,4866.0081281614475,6718.785714285715,5285.185919917606,4623.98,4292.33634149885,65.0,23,44,11,43.608695652173914,6,1,1,0.49999999999999994,0.8660254037844387
2024-01-31,1726.4,1003.0,12198.5,375.9,6691.133333333334,4959.920146870641,5135.114285714286,5064.2087534081065,4630.05,4286.898083274119,140.0,21,128,30,82.20952380952382,2,0,1,0.49999999999999994,0.8660254037844387
2024-02-01,917.0,1726.4,2159.1,4241.8,4281.033333333333,5064.170931488514,3639.1,4081.232777809506,4675.066666666667,4247.595491028107,75.0,20,56,15,45.85,3,0,2,0.8660254037844386,0.5000000000000001
2024-02-02,4753.5,917.0,348.0,4809.8,1215.466666666666,444.56569068383374,3461.6571428571433,4182.060747150521,4564.24,4302.312228253468,292.0,52,250,33,91.41346153846153,4,0,2,0.8660254037844386,0.5000000000000001
2024-02-03,5978.2,4753.5,1166.8,14688.4,2465.6333333333328,2022.259257200523,4091.0142857142855,3961.042725271795,4562.363333333333,4302.213699423328,353.0,72,287,40,83.03055555555555,5,1,2,0.8660254037844386,0.5000000000000001
2024-02-04,779.0,5978.2,8956.7,2976.4,3882.899999999999,2640.5292329379536,4778.357142857143,3782.4708885670475,4272.0233333333335,3867.1975693609534,53.0,17,44,15,45.8235294117647,6,1,2,0.8660254037844386,0.5000000000000001
2024-02-07,1771.6,779.0,10113.7,1700.6,3836.899999999999,2718.094337950745,3610.1142857142854,3531.413433942364,4198.776666666667,3913.120785315892,122.0,25,106,27,70.86399999999999,2,0,2,0.8660254037844386,0.5000000000000001
2024-02-08,668.9,1771.6,1003.0,1652.9,2842.9333333333325,2760.2058787947717,2418.3857142857146,2080.3554891961567,4201.143333333333,3911.57894750192,41.0,14,36,11,47.778571428571425,3,0,2,0.8660254037844386,0.5000000000000001
2024-02-09,15506.9,668.9,1726.4,6778.6,1073.166666666666,607.3609662574571,2370.657142857143,2121.6625241047373,4168.343333333333,3937.721946426362,999.0,140,794,49,110.76357142857142,4,0,2,0.8660254037844386,0.5000000000000001
2024-02-10,8785.6,15506.9,917.0,12838.7,5982.466666666666,8266.807700880265,4339.3,5354.525149192351,4459.286666666667,4429.034129993094,595.0,109,379,44,80.60183486238533,5,1,2,0.8660254037844386,0.5000000000000001
2024-02-11,3835.6,8785.6,4753.5,1144.0,8320.466666666665,7429.927507273089,5463.385714285714,5342.254564453909,4324.183333333333,4221.573445601675,247.0,39,195,36,98.34871794871795,6,1,2,0.8660254037844386,0.5000000000000001
2024-02-12,112.0,3835.6,5978.2,1572.9,9376.033333333333,5858.009010178569,5332.257142857142,5373.755494331426,4413.903333333334,4180.052984442557,6.0,6,6,3,18.666666666666668,0,0,2,0.8660254037844386,0.5000000000000001
2024-02-15,1100.8,112.0,779.0,2619.5,4244.4,4351.226530531352,4494.228571428571,5703.526510477033,4365.206666666667,4222.58450444694,72.0,17,53,15,64.75294117647059,3,0,2,0.8660254037844386,0.5000000000000001
2024-02-16,3872.5,1100.8,1771.6,5640.1,1682.7999999999993,1928.8188717450569,4540.2,5669.787304358665,4314.583333333333,4253.227393167277,257.0,44,209,31,88.01136363636364,4,0,2,0.8660254037844386,0.5000000000000001
2024-02-17,8157.9,3872.5,668.9,8953.8,1695.0999999999992,1949.4189980606723,4840.328571428572,5553.2132691245515,4255.663333333333,4246.469733505081,560.0,85,405,49,95.97529411764705,5,1,2,0.8660254037844386,0.5000000000000001
2024-02-18,961.8,8157.9,15506.9,677.0,4377.066666666666,3555.5035850541954,5910.185714285713,5332.641143444958,4229.133333333333,4218.499890125459,68.0,31,56,14,31.0258064516129,6,1,2,0.8660254037844386,0.5000000000000001
2024-02-21,556.9,961.8,8785.6,425.0,4330.733333333333,3619.868387570636,3832.3142857142857,3483.0331075221293,4238.626666666667,4210.543459716444,39.0,11,38,10,50.627272727272725,2,0,2,0.8660254037844386,0.5000000000000001
2024-02-22,559.9,556.9,3835.6,3315.9,3225.533333333333,4276.349693761401,2656.7857142857138,2866.74452961809,4243.0233333333335,4206.4908527494,40.0,14,29,10,39.99285714285714,3,0,2,0.8660254037844386,0.5000000000000001
2024-02-23,6322.5,559.9,112.0,4216.8,692.8666666666658,232.90792887578434,2188.828571428571,2909.289276160236,4151.156666666667,4257.22529360043,404.0,55,286,35,114.95454545454545,4,0,2,0.8660254037844386,0.5000000000000001
2024-02-24,7686.7,6322.5,1100.8,6881.5,2479.766666666666,3327.905024686436,3076.042857142857,3110.4062649205734,4221.346666666666,4275.663580499429,469.0,71,373,42,108.26338028169013,5,1,2,0.8660254037844386,0.5000000000000001
2024-02-25,994.9,7686.7,3872.5,1413.0,4856.366666666666,3782.8533904095793,4016.8857142857146,3396.27346682045,4248.1866666666665,4295.4198500370085,68.0,27,61,11,36.84814814814815,6,1,2,0.8660254037844386,0.5000000000000001
2024-02-28,2811.9,994.9,8157.9,2056.7,5001.366666666666,3536.1125227194407,3605.7999999999997,3585.5415894952353,4234.25,4305.602135530263,235.0,13,54,15,216.3,2,0,2,0.8660254037844386,0.5000000000000001
2024-02-29,2888.8,2811.9,961.8,1887.7,3831.166666666666,3460.3793452934083,2842.085714285714,2971.0407034284435,4259.423333333333,4294.625459778957,271.0,34,242,28,84.96470588235294,3,0,2,0.8660254037844386,0.5000000000000001
2024-03-01,4363.7,2888.8,556.9,12088.7,2231.866666666666,1071.9343745459519,3117.371428571428,2854.783396753765,4292.793333333333,4279.423734161616,295.0,49,239,38,89.05510204081632,4,0,3,1.0,6.123233995736766e-17
2024-03-02,6724.8,4363.7,559.9,12198.5,3354.7999999999993,874.5786471209424,3661.2000000000003,2640.2589462651868,4035.2933333333335,4018.621469328398,451.0,74,349,46,90.87567567567568,5,1,3,1.0,6.123233995736766e-17
2024-03-03,1475.6,6724.8,6322.5,2159.1,4659.099999999999,1934.9857544695028,4541.9,2455.0614269300945,3852.836666666667,3750.526523356727,124.0,21,50,14,70.26666666666667,6,1,3,1.0,6.123233995736766e-17
2024-03-06,3425.0,1475.6,7686.7,348.0,4188.033333333332,2629.0053714918954,3849.4857142857145,2550.8023635897903,3830.0533333333337,3763.2247943644743,289.0,35,223,38,97.85714285714286,2,0,3,1.0,6.123233995736766e-17
2024-03-07,730.6,3425.0,994.9,1166.8,3875.1333333333328,2653.392201189495,3240.671428571429,1910.5386236297259,3932.6200000000003,3706.5540269580074,52.0,19,48,9,38.45263157894737,3,0,3,1.0,6.123233995736766e-17
2024-03-08,7637.7,730.6,2811.9,8956.7,1877.0666666666657,1391.3408832249593,3202.914285714286,1964.1765470790176,3918.08,3718.6138006261012,480.0,77,416,45,99.19090909090909,4,0,3,1.0,6.123233995736766e-17
2024-03-09,6903.4,7637.7,2888.8,10113.7,3931.0999999999985,3481.2512850984917,3892.3142857142857,2560.451219628146,3874.1133333333332,3664.3880740251125,452.0,83,353,41,83.17349397590361,5,1,3,1.0,6.123233995736766e-17
2024-03-10,3162.4,6903.4,4363.7,1003.0,5090.566666666666,3793.6501055491726,4465.828571428571,2741.429933881401,3767.1033333333335,3519.9189865758945,295.0,48,254,35,65.88333333333334,6,1,3,1.0,6.123233995736766e-17
2024-03-13,1083.0,3162.4,6724.8,1726.4,5901.166666666665,2400.0898448460753,4294.214285714285,2786.125267839777,3839.0833333333335,3483.334835755602,116.0,11,33,10,98.45454545454545,2,0,3,1.0,6.123233995736766e-17
2024-03-14,2471.7,1083.0,1475.6,917.0,3716.266666666666,2949.464401096109,3488.2428571428572,2781.845452127747,3817.6366666666663,3498.737661271891,210.0,22,109,21,112.35,3,0,3,1.0,6.123233995736766e-17
2024-03-15,5982.5,2471.7,3425.0,4753.5,2239.0333333333324,1059.04505255122,3630.542857142857,2685.543638233638,3869.4599999999996,3465.649534343678,419.0,69,321,38,86.70289855072464,4,0,3,1.0,6.123233995736766e-17
2024-03-16,7070.7,5982.5,730.6,5978.2,3179.0666666666657,2525.18331281775,3995.899999999999,2823.352659516701,3910.4266666666663,3483.6768993786395,452.0,74,370,49,95.55,5,1,3,1.0,6.123233995736766e-17
2024-03-17,2402.5,7070.7,7637.7,779.0,5174.966666666666,2403.4938762837,4901.628571428571,2610.163554080023,3946.843333333333,3511.6357973008903,215.0,36,170,24,66.73611111111111,6,1,3,1.0,6.123233995736766e-17
2024-03-20,573.0,2402.5,6903.4,1771.6,5151.899999999999,2442.426064387602,4153.742857142856,2440.011889900779,4000.9599999999996,3473.435642683203,48.0,10,24,7,57.3,2,0,3,1.0,6.123233995736766e-17
2024-03-21,2203.2,573.0,3162.4,668.9,3348.733333333332,3350.603596866276,3249.4,2424.1218726238476,3961.0066666666667,3506.697411990999,206.0,29,167,23,75.97241379310344,3,0,3,1.0,6.123233995736766e-17
2024-03-22,10373.6,2203.2,1083.0,15506.9,1726.2333333333324,1003.688429410847,3112.371428571428,2456.750182466185,4012.15,3468.0031231094003,707.0,91,481,52,113.9956043956044,4,0,3,1.0,6.123233995736766e-17
2024-03-23,5213.8,10373.6,2471.7,8785.6,4383.2666666666655,5251.42438709092,4439.599999999999,3475.8708971038277,3841.04,2972.5452565911864,296.0,60,240,41,86.89666666666668,5,1,3,1.0,6.123233995736766e-17
2024-03-24,1506.7,5213.8,5982.5,3835.6,5930.2,4132.043170152017,4831.328571428571,3370.0313370028166,3721.98,2836.068622339856,132.0,24,103,22,62.77916666666667,6,1,3,1.0,6.123233995736766e-17
2024-03-27,544.0,1506.7,7070.7,112.0,5698.033333333333,4453.239309012402,4191.928571428572,3535.7413233598295,3644.35,2864.581784213583,43.0,5,12,4,108.8,2,0,3,1.0,6.123233995736766e-17
2024-03-28,11092.9,544.0,2402.5,1100.8,2421.4999999999995,2465.644396501629,3259.5428571428574,3510.542605665183,3658.75,2847.2460254573643,713.0,97,586,59,114.35979381443299,3,0,3,1.0,6.123233995736766e-17
2024-03-29,5277.8,11092.9,573.0,3872.5,4381.2,5832.399633941411,4501.028571428572,4542.0518589121875,3991.82,3110.01107231647,339.0,83,265,39,63.58795180722892,4,0,3,1.0,6.123233995736766e-17
2024-03-30,8528.3,5277.8,2203.2,8157.9,5638.233333333333,5283.678353508401,5173.142857142857,4199.071576692939,4038.663333333333,3118.7230786049267,542.0,79,416,50,107.95316455696202,5,1,3,1.0,6.123233995736766e-17
2024-03-31,4074.8,8528.3,10373.6,961.8,8299.666666666666,2914.2841150672457,6076.728571428573,4133.490484531728,4051.01,3136.2767793664366,396.0,71,193,29,57.39154929577465,6,1,3,1.0,6.123233995736766e-17
2024-04-03,627.0,4074.8,5213.8,556.9,5960.299999999999,2303.859859019189,5176.9,3705.6541311892615,4154.776666666667,3081.563927695038,46.0,13,43,8,48.23076923076923,2,0,4,0.8660254037844387,-0.4999999999999998
2024-04-04,11620.2,627.0,1506.7,559.9,4410.033333333333,3961.303000697275,4521.642857142857,4084.2365703834016,4157.113333333333,3078.7669882750074,760.0,103,693,56,112.81747572815534,3,0,4,0.8660254037844387,-0.4999999999999998
2024-04-05,5442.5,11620.2,544.0,6322.5,5440.666666666667,5622.437671805109,5966.428571428572,4596.6241767607025,4525.79,3288.2519366468987,357.0,62,285,44,87.78225806451613,4,0,4,0.8660254037844387,-0.4999999999999998
2024-04-06,8396.0,5442.5,11092.9,7686.7,5896.566666666667,5510.648234403395,6666.214285714285,3962.6925221069027,4496.456666666667,3275.572075508427,535.0,78,419,53,107.64102564102564,5,1,4,0.8660254037844387,-0.4999999999999998
2024-04-07,3137.3,8396.0,5277.8,994.9,8486.233333333334,3089.8383231705334,6280.942857142858,3572.468003988821,4520.1,3301.848049407986,259.0,51,218,30,61.51568627450981,6,1,4,0.8660254037844387,-0.4999999999999998
2024-04-10,1672.9,3137.3,8528.3,2811.9,5658.599999999999,2636.0018645668506,5975.157142857142,3759.3622317520644,4591.513333333334,3245.6651227108478,125.0,9,21,8,185.8777777777778,2,0,4,0.8660254037844387,-0.4999999999999998
2024-04-11,2840.2,1672.9,4074.8,2888.8,4402.066666666667,3535.497764577603,4995.814285714287,3874.5734687526506,4553.546666666666,3273.7406460724924,249.0,35,214,30,81.14857142857143,3,0,4,0.8660254037844387,-0.4999999999999998
2024-04-12,6235.6,2840.2,627.0,4363.7,2550.133333333333,774.0935623897159,4819.442857142857,3950.8348243787477,4551.926666666666,3274.60475803315,448.0,69,339,45,90.37101449275363,4,0,4,0.8660254037844387,-0.4999999999999998
2024-04-13,8206.3,6235.6,11620.2,6724.8,3582.9,2370.2869636396103,5620.671428571428,3502.135734907249,4614.323333333333,3288.6984094102463,551.0,90,429,47,91.18111111111111,5,1,4,0.8660254037844387,-0.4999999999999998
2024-04-14,4366.6,8206.3,5442.5,1475.6,5760.7,2714.3884780922417,5132.971428571429,2665.079774737396,4663.706666666667,3332.316181228632,418.0,76,360,37,57.45526315789474,6,1,4,0.8660254037844387,-0.4999999999999998
2024-04-17,1239.9,4366.6,8396.0,3425.0,6269.5,1920.0744594936739,4979.271428571429,2675.2586365398383,4760.073333333333,3278.305149998359,108.0,11,48,14,112.71818181818183,2,0,4,0.8660254037844387,-0.4999999999999998
2024-04-18,5067.6,1239.9,3137.3,730.6,4604.266666666666,3489.275902437815,3956.9714285714285,2514.466018670295,4687.236666666667,3332.811276455851,405.0,45,293,29,112.61333333333334,3,0,4,0.8660254037844387,-0.4999999999999998
2024-04-19,13401.8,5067.6,1672.9,7637.7,3558.0333333333333,2037.9295530840157,4232.728571428571,2515.438222731972,4831.803333333332,3248.2569121345527,866.0,100,737,55,134.018,4,0,4,0.8660254037844387,-0.4999999999999998
2024-04-20,10616.5,13401.8,2840.2,6903.4,6569.766666666666,6218.547372444248,5908.285714285715,3996.4835186401006,5023.9400000000005,3574.084439559797,630.0,109,517,55,97.39908256880734,5,1,4,0.8660254037844387,-0.4999999999999998
2024-04-21,2025.5,10616.5,6235.6,3162.4,9695.3,4242.779689071774,7019.185714285714,4081.3952522099567,5147.710000000001,3703.367968191604,193.0,39,158,24,51.93589743589744,6,1,4,0.8660254037844387,-0.4999999999999998
2024-04-24,152.0,2025.5,8206.3,1083.0,8681.266666666666,5929.915384163023,6417.742857142856,4504.3956142332645,5109.8133333333335,3730.104693430742,13.0,5,11,3,30.4,2,0,4,0.8660254037844387,-0.4999999999999998
2024-04-25,7675.4,152.0,4366.6,2471.7,4264.666666666667,5580.0394786536435,5267.128571428571,4975.4511245093145,5078.78,3768.437639714079,613.0,66,518,52,116.29393939393938,3,0,4,0.8660254037844387,-0.4999999999999998
2024-04-26,5019.3,7675.4,1239.9,5982.5,3284.2999999999997,3916.4805591244635,5739.814285714286,5032.485807705965,5252.236666666667,3764.056404766591,375.0,82,329,39,61.2109756097561,4,0,4,0.8660254037844387,-0.4999999999999998
2024-04-27,13800.5,5019.3,5067.6,7070.7,4282.233333333334,3815.473410120063,6279.728571428571,4658.054683990698,5220.13,3761.719836599875,876.0,125,721,57,110.404,5,1,4,0.8660254037844387,-0.4999999999999998
2024-04-28,4584.8,13800.5,13401.8,2402.5,8831.733333333334,4503.354132569778,7527.285714285715,5391.085173206039,5444.456666666666,4064.370054059222,382.0,94,294,40,48.774468085106385,6,1,4,0.8660254037844387,-0.4999999999999998
2024-04-30,4241.6,4584.8,10616.5,573.0,7801.533333333334,5199.797915624537,6267.714285714285,4785.837768328756,5517.2,4027.4094334730385,273.0,42,242,40,100.9904761904762,1,0,4,0.8660254037844387,-0.4999999999999998
2024-05-01,328.0,4241.6,2025.5,2203.2,7542.3,5422.476093999857,5357.0142857142855,4412.350835034384,5639.486666666666,3926.5418515826264,25.0,17,25,9,19.294117647058822,2,0,5,0.49999999999999994,-0.8660254037844387
2024-05-02,2802.8,328.0,152.0,10373.6,3051.466666666667,2364.8254847521416,5114.5142857142855,4665.358022141703,5576.98,3997.416443706338,251.0,30,172,30,93.42666666666668,3,0,5,0.49999999999999994,-0.8660254037844387
2024-05-03,6036.1,2802.8,7675.4,5213.8,2457.4666666666667,1979.5220567938086,5493.199999999999,4287.715935475831,5324.62,3922.4321829613655,445.0,56,319,52,107.78750000000001,4,0,5,0.49999999999999994,-0.8660254037844387
2024-05-04,3491.0,6036.1,5019.3,1506.7,3055.6333333333337,2862.4368854759405,5259.0142857142855,4192.37185430419,5352.03,3924.503641547205,219.0,51,184,41,68.45098039215686,5,1,5,0.49999999999999994,-0.8660254037844387
2024-05-05,12555.4,3491.0,13800.5,544.0,4109.966666666667,1703.201991348419,5040.685714285714,4246.383375072873,5418.173333333334,3873.8547040680187,844.0,108,731,50,116.2537037037037,6,1,5,0.49999999999999994,-0.8660254037844387
2024-05-08,1506.0,12555.4,4584.8,11092.9,7360.833333333333,4675.149799026046,4862.814285714286,3823.3002185845426,5818.553333333333,3972.1837659970633,128.0,9,19,11,167.33333333333334,2,0,5,0.49999999999999994,-0.8660254037844387
2024-05-09,1254.5,1506.0,4241.6,5277.8,5850.799999999999,5890.568913101681,4422.9857142857145,4032.0076340985024,5498.990000000001,3918.5009186175944,116.0,14,91,15,89.60714285714286,3,0,5,0.49999999999999994,-0.8660254037844387
2024-05-10,7824.9,1254.5,328.0,8528.3,5105.299999999999,6453.201187782689,3996.2571428571428,4208.606923063399,5364.88,3994.4445887619577,506.0,66,438,47,118.5590909090909,4,0,5,0.49999999999999994,-0.8660254037844387
2024-05-11,6034.1,7824.9,2802.8,4074.8,3528.4666666666667,3722.944748896122,5067.242857142856,4071.190576419121,5341.433333333333,3977.263049257433,396.0,74,301,47,81.5418918918919,5,1,5,0.49999999999999994,-0.8660254037844387
2024-05-12,563.9,6034.1,6036.1,627.0,5037.833333333333,3396.608528125259,5528.857142857143,3953.1222532985066,5406.743333333333,3971.8296172856103,36.0,12,29,11,46.99166666666667,6,1,5,0.49999999999999994,-0.8660254037844387
2024-05-15,766.9,563.9,3491.0,11620.2,4807.633333333333,3782.6836522941267,4747.114285714286,4356.57939497973,5404.639999999999,3974.4639076883404,48.0,14,40,10,54.778571428571425,2,0,5,0.49999999999999994,-0.8660254037844387
2024-05-16,1540.5,766.9,12555.4,5442.5,2454.9666666666667,3101.281801664144,4357.957142857143,4602.225618059576,5042.863333333333,3882.0698031958523,124.0,20,105,19,77.025,3,0,5,0.49999999999999994,-0.8660254037844387
2024-05-17,4133.9,1540.5,1506.0,8396.0,957.1,515.333794738749,2784.4,2900.8706917061995,4912.796666666666,3933.2483375908196,294.0,48,231,44,86.12291666666665,4,0,5,0.49999999999999994,-0.8660254037844387
2024-05-18,13287.8,4133.9,1254.5,3137.3,2147.1,1763.5602966725742,3159.8142857142857,2877.8057934408844,4770.7266666666665,3879.7053304327806,864.0,118,662,55,112.60847457627118,5,1,5,0.49999999999999994,-0.8660254037844387
2024-05-19,1401.4,13287.8,7824.9,1672.9,6320.733333333333,6171.421582045198,4878.857142857143,4617.9127824365105,5109.076666666666,4164.502387352467,94.0,33,79,21,42.46666666666667,6,1,5,0.49999999999999994,-0.8660254037844387
2024-05-22,2202.0,1401.4,6034.1,2840.2,6274.366666666666,6225.578238471769,3961.214285714286,4572.923418860404,5100.026666666667,4172.514428390447,209.0,10,32,8,220.2,2,0,5,0.49999999999999994,-0.8660254037844387
2024-05-23,3997.0,2202.0,563.9,6235.6,5630.400000000001,6643.573673859567,3413.7714285714287,4512.388419936938,5078.753333333333,4186.03832278398,279.0,39,241,38,102.48717948717949,3,0,5,0.49999999999999994,-0.8660254037844387
2024-05-24,4086.8,3997.0,766.9,8206.3,2533.4666666666667,1329.1679552762346,3904.214285714286,4334.061692926771,5004.133333333333,4184.6576924509045,239.0,46,198,35,88.84347826086957,4,0,5,0.49999999999999994,-0.8660254037844387
2024-05-25,7059.9,4086.8,1540.5,4366.6,3428.6000000000004,1063.2152557219474,4378.4857142857145,4109.3512758214365,4866.816666666667,4143.342783232862,450.0,66,376,52,106.96818181818182,5,1,5,0.49999999999999994,-0.8660254037844387
2024-05-26,2493.5,7059.9,4133.9,1239.9,5047.900000000001,1743.021517365723,5166.971428571429,4002.1756386221978,4956.593333333334,4161.270509975941,219.0,47,191,33,53.0531914893617,6,1,5,0.49999999999999994,-0.8660254037844387
2024-05-29,6438.5,2493.5,13287.8,5067.6,4546.733333333334,2317.6833785772455,4932.628571428571,4119.066559595874,4998.38,4128.82896952468,410.0,54,351,44,119.23148148148148,2,0,5,0.49999999999999994,-0.8660254037844387
2024-05-30,492.9,6438.5,1401.4,13401.8,5330.633333333333,2476.5961829360162,3954.157142857143,2143.0963089707,5044.076666666667,4137.199368278629,35.0,16,28,11,30.80625,3,0,5,0.49999999999999994,-0.8660254037844387
2024-05-31,5919.5,492.9,2202.0,10616.5,3141.633333333333,3025.3260077772143,3824.371428571428,2341.758327777295,4613.78,3902.621368666506,353.0,63,308,47,93.96031746031746,4,0,5,0.49999999999999994,-0.8660254037844387
2024-06-01,8588.9,5919.5,3997.0,2025.5,4283.633333333333,3293.1116976703406,4355.442857142857,2334.0311707838246,4457.213333333333,3744.513303647808,516.0,95,454,49,90.40947368421052,5,1,6,1.2246467991473532e-16,-1.0
2024-06-02,3104.2,8588.9,4086.8,152.0,5000.433333333333,4125.508047905523,5011.428571428572,2812.6993658016486,4675.993333333334,3789.0117030000424,273.0,35,168,27,88.69142857142856,6,1,6,1.2246467991473532e-16,-1.0
2024-06-05,2379.7,3104.2,7059.9,7675.4,5870.866666666666,2742.673408069807,4871.057142857143,2889.9919318556094,4774.4,3704.867177664801,134.0,22,95,22,108.16818181818181,2,0,6,1.2246467991473532e-16,-1.0
2024-06-06,3015.4,2379.7,2493.5,5019.3,4690.933333333333,3395.119020495929,4202.457142857143,2840.1574439087894,4597.876666666667,3688.0008405342896,226.0,35,192,27,86.15428571428572,3,0,6,1.2246467991473532e-16,-1.0
2024-06-07,3617.6,3015.4,6438.5,13800.5,2833.1,395.1582341289097,4277.0142857142855,2794.298498984782,4531.08,3698.237868965204,199.0,41,174,38,88.23414634146341,4,0,6,1.2246467991473532e-16,-1.0
2024-06-08,7750.8,3617.6,492.9,4584.8,3004.2333333333336,619.0255433608646,3874.028571428571,2629.1522370745884,4191.65,3259.4047137634598,455.0,72,389,52,107.65,5,1,6,1.2246467991473532e-16,-1.0
2024-06-09,1580.0,7750.8,5919.5,4241.6,4794.599999999999,2577.7897586886143,4910.871428571429,2501.5552973528943,4297.183333333333,3323.203257461438,152.0,28,73,13,56.42857142857143,6,1,6,1.2246467991473532e-16,-1.0
2024-06-12,835.9,1580.0,8588.9,328.0,4316.133333333334,3144.1461119568266,4290.942857142857,2736.5996625113394,4208.463333333333,3360.0624759671227,71.0,10,21,13,83.59,2,0,6,1.2246467991473532e-16,-1.0
2024-06-13,4318.1,835.9,3104.2,2802.8,3388.9,3795.793712782596,3183.371428571428,2229.041293706251,4225.393333333333,3341.0620056310354,324.0,46,271,38,93.87173913043479,3,0,6,1.2246467991473532e-16,-1.0
2024-06-14,3842.9,4318.1,2379.7,6036.1,2244.6666666666665,1833.784486610463,3356.785714285714,2268.7215103288004,4275.903333333333,3330.2503238711183,246.0,53,227,40,72.50754716981132,4,0,6,1.2246467991473532e-16,-1.0
2024-06-15,13901.7,3842.9,3015.4,3491.0,2998.9666666666667,1888.2787965057516,3565.8142857142857,2230.7825139986035,4202.796666666667,3314.312283216259,909.0,131,752,60,106.11984732824428,5,1,6,1.2246467991473532e-16,-1.0
2024-06-16,2074.9,13901.7,3617.6,12555.4,7354.233333333334,5675.248327019116,5121.0,4461.982054349097,4549.820000000001,3753.1808439205843,177.0,53,133,23,39.14905660377359,6,1,6,1.2246467991473532e-16,-1.0
2024-06-19,1361.1,2074.9,7750.8,1506.0,6606.5,6379.374050798396,4900.614285714286,4585.015952872496,4200.469999999999,3458.518629278867,90.0,20,80,21,68.05499999999999,2,0,6,1.2246467991473532e-16,-1.0
2024-06-20,1793.7,1361.1,1580.0,1254.5,5779.233333333334,7043.310739512581,3987.8,4558.987845637089,4195.64,3462.510230095682,138.0,16,80,15,112.10625,3,0,6,1.2246467991473532e-16,-1.0
2024-06-21,6369.5,1793.7,835.9,7824.9,1743.2333333333333,359.56609035503664,4018.3285714285716,4540.856583551278,4213.613333333333,3448.0862045921735,434.0,73,385,44,87.25342465753425,4,0,6,1.2246467991473532e-16,-1.0
2024-06-22,20013.1,6369.5,4318.1,6034.1,3174.7666666666664,2775.1624264776324,4808.842857142858,4373.062174593129,4165.1,3405.5001424166776,1237.0,181,1037,61,110.5696132596685,5,1,6,1.2246467991473532e-16,-1.0
2024-06-23,1701.6,20013.1,3842.9,563.9,9392.099999999999,9478.328816832634,7050.9857142857145,7193.518045997753,4631.066666666667,4462.401164158717,112.0,38,90,28,44.77894736842105,6,1,6,1.2246467991473532e-16,-1.0
2024-06-26,518.9,1701.6,13901.7,766.9,9361.399999999998,9515.32223679261,6745.085714285714,7395.373566951299,4668.990000000001,4431.371256701943,38.0,10,29,6,51.89,2,0,6,1.2246467991473532e-16,-1.0
2024-06-27,4824.6,518.9,2074.9,1540.5,7411.199999999998,10929.574901614422,4833.257142857142,6953.559547420577,4660.723333333333,4439.126101220852,428.0,19,71,17,253.9263157894737,3,0,6,1.2246467991473532e-16,-1.0
2024-06-28,8157.3,4824.6,1361.1,4133.9,2348.3666666666654,2224.5209514259814,5226.071428571428,6848.641734610424,4770.193333333334,4399.846890826164,535.0,88,421,53,92.69659090909092,4,0,6,1.2246467991473532e-16,-1.0
2024-06-29,8750.8,8157.3,1793.7,13287.8,4500.2666666666655,3829.514685091727,6196.957142857143,6689.2840294152975,4904.306666666667,4440.910740698421,684.0,99,363,45,88.39191919191919,5,1,6,1.2246467991473532e-16,-1.0
2024-06-30,844.0,8750.8,6369.5,1401.4,7244.233333333333,2116.3718159466302,7190.828571428572,6438.14287293945,4753.073333333334,4217.187176872949,57.0,28,53,14,30.142857142857142,6,1,6,1.2246467991473532e-16,-1.0
2024-07-03,653.6,844.0,20013.1,2202.0,5917.366666666666,4403.674325303043,6401.471428571429,6879.246098644412,4734.493333333333,4233.658834000758,43.0,9,32,11,72.62222222222222,2,0,7,-0.4999999999999997,-0.8660254037844388
2024-07-04,2207.2,653.6,1701.6,3997.0,3416.1333333333314,4620.937607600124,3635.828571428571,3609.3464785721235,4682.88,4274.835735452705,202.0,27,174,23,81.74814814814815,3,0,7,-0.4999999999999997,-0.8660254037844388
2024-07-05,9650.6,2207.2,518.9,4086.8,1234.9333333333313,847.3723463348969,3708.057142857143,3569.0221040957213,4623.22,4297.168983893693,626.0,90,442,52,107.22888888888889,4,0,7,-0.4999999999999997,-0.8660254037844388
2024-07-06,7916.3,9650.6,4824.6,7059.9,4170.466666666664,4809.086634001635,5012.585714285714,3865.6185673311456,4808.680000000001,4392.231064159255,529.0,79,421,52,100.20632911392406,5,1,7,-0.4999999999999997,-0.8660254037844388
2024-07-07,3421.7,7916.3,8157.3,2493.5,6591.366666666665,3894.5650775578556,5454.257142857144,4014.3231873950076,4837.2266666666665,4410.113694361567,285.0,40,166,31,85.54249999999999,6,1,7,-0.4999999999999997,-0.8660254037844388
2024-07-08,8836.9,3421.7,8750.8,6438.5,6996.199999999997,3214.768546878593,4777.742857142856,3879.645402979143,4868.166666666667,4396.33830264055,545.0,73,476,49,121.05342465753424,0,0,7,-0.4999999999999997,-0.8660254037844388
2024-07-09,290.0,8836.9,844.0,492.9,6724.966666666664,2897.508255956008,4790.042857142857,3894.449155253821,4948.113333333333,4447.390079565331,25.0,13,21,7,22.307692307692307,1,0,7,-0.4999999999999997,-0.8660254037844388
2024-07-10,81.0,290.0,653.6,5919.5,4182.866666666665,4323.991896770064,4710.900000000001,3992.4030290874593,4941.35,4454.547458632237,4.0,2,2,2,40.5,2,0,7,-0.4999999999999997,-0.8660254037844388
2024-07-11,7377.8,81.0,2207.2,8588.9,3069.299999999998,4995.981141877922,4629.1,4093.961889579993,4746.733333333334,4537.114205378095,653.0,71,534,44,103.91267605633803,3,0,7,-0.4999999999999997,-0.8660254037844388
2024-07-12,5564.9,7377.8,9650.6,3104.2,2582.9333333333316,4153.7910411253415,5367.757142857144,4050.3825987418204,4706.363333333333,4507.037137746151,334.0,70,272,50,79.49857142857142,4,0,7,-0.4999999999999997,-0.8660254037844388
2024-07-13,4946.9,5564.9,7916.3,2379.7,4341.233333333331,3799.189735105787,4784.085714285714,3599.653020050955,4788.386666666666,4499.258376109171,306.0,52,245,40,95.1326923076923,5,1,7,-0.4999999999999997,-0.8660254037844388
2024-07-14,1504.0,4946.9,3421.7,3015.4,5963.199999999998,1263.4480084276818,4359.885714285714,3334.194902035865,4873.960000000001,4476.2211713561,116.0,30,91,17,50.13333333333333,6,1,7,-0.4999999999999997,-0.8660254037844388
2024-07-17,3259.4,1504.0,8836.9,3617.6,4005.266666666665,2188.088710115103,4085.9285714285716,3498.8487876796935,4823.580000000001,4506.2652326702255,263.0,21,195,33,155.2095238095238,2,0,7,-0.4999999999999997,-0.8660254037844388
2024-07-18,3396.6,3259.4,290.0,7750.8,3236.7666666666646,1721.5615885971556,3289.1428571428573,2802.3503432280736,4811.64,4510.043804634736,264.0,36,208,34,94.35,3,0,7,-0.4999999999999997,-0.8660254037844388
2024-07-19,10330.9,3396.6,81.0,1580.0,2719.999999999998,1055.318890193775,3732.942857142857,2475.1089119855937,4666.5,4482.171835709516,663.0,101,570,54,102.28613861386138,4,0,7,-0.4999999999999997,-0.8660254037844388
2024-07-20,6403.8,10330.9,7377.8,835.9,5662.299999999998,4043.7081286858315,5197.214285714285,2942.354523975989,4958.196666666667,4558.4797954856185,412.0,75,346,47,85.384,5,1,7,-0.4999999999999997,-0.8660254037844388
2024-07-21,2047.6,6403.8,5564.9,4318.1,6710.433333333332,3477.3045773031185,5058.071428571428,2843.4155152529174,5143.793333333333,4497.798154187905,138.0,23,115,21,89.02608695652174,6,1,7,-0.4999999999999997,-0.8660254037844388
2024-07-24,586.8,2047.6,4946.9,3842.9,6260.7666666666655,4143.501975784881,4555.6,3042.7178371756254,5068.11,4531.149901655858,28.0,9,23,9,65.19999999999999,2,0,7,-0.4999999999999997,-0.8660254037844388
2024-07-25,4284.7,586.8,1504.0,13901.7,3012.7333333333318,3026.216121385444,3932.7285714285717,3377.160223577543,4959.573333333333,4599.9844716329635,410.0,29,140,23,147.74827586206897,3,0,7,-0.4999999999999997,-0.8660254037844388
2024-07-26,6261.3,4284.7,3259.4,2074.9,2306.3666666666645,1862.4812061691105,4329.971428571429,3202.9105319559476,4639.006666666667,4279.24740441937,379.0,59,315,43,106.12372881355932,4,0,7,-0.4999999999999997,-0.8660254037844388
2024-07-27,9818.2,6261.3,3396.6,1361.1,3710.933333333332,2880.4329020710015,4758.814285714286,3236.468722454865,4778.553333333332,4260.968752544537,601.0,100,469,58,98.182,5,1,7,-0.4999999999999997,-0.8660254037844388
2024-07-28,3002.5,9818.2,10330.9,1793.7,6788.066666666666,2804.107327356289,5676.185714285714,3667.4046778926167,5060.456666666667,4306.589790772803,268.0,41,144,26,73.23170731707317,6,1,7,-0.4999999999999997,-0.8660254037844388
2024-07-31,2094.8,3002.5,6403.8,6369.5,6360.666666666665,3408.936333129914,4629.271428571429,3122.743611908339,5100.75,4280.5475523703135,186.0,13,24,10,161.13846153846154,2,0,7,-0.4999999999999997,-0.8660254037844388
2024-08-01,2627.2,2094.8,2047.6,20013.1,4971.833333333332,4221.543819899683,4013.7000000000003,3139.300943416125,4958.26,4307.917490052877,220.0,24,144,26,109.46666666666665,3,0,8,-0.8660254037844385,-0.5000000000000004
2024-08-02,7513.6,2627.2,586.8,1701.6,2574.833333333332,456.11020963486885,4096.5,3085.9926722747377,4378.73,3253.096257747753,497.0,69,381,47,108.89275362318841,4,0,8,-0.8660254037844385,-0.5000000000000004
2024-08-03,6986.2,7513.6,4284.7,518.9,4078.5333333333324,2986.7414841819154,5086.042857142857,2876.4653511194147,4572.463333333333,3261.218459355905,482.0,81,406,43,86.24938271604938,5,1,8,-0.8660254037844385,-0.5000000000000004
2024-08-04,1161.9,6986.2,6261.3,4824.6,5708.999999999999,2681.912772630736,5471.971428571429,2931.7281096731476,4788.04,3197.1505598708964,98.0,30,59,16,38.730000000000004,6,1,8,-0.8660254037844385,-0.5000000000000004
2024-08-07,232.0,1161.9,9818.2,8157.3,5220.566666666666,3524.7863798155495,4743.4857142857145,3311.822618251461,4665.95,3264.9220035833605,13.0,6,11,5,38.666666666666664,2,0,8,-0.8660254037844385,-0.5000000000000004
2024-08-08,1979.4,232.0,3002.5,8750.8,2793.3666666666654,3660.7467849242407,3374.0285714285715,2807.1902481035463,4401.773333333333,3293.1928927591775,146.0,24,131,28,82.47500000000001,3,0,8,-0.8660254037844385,-0.5000000000000004
2024-08-09,12237.6,1979.4,2094.8,844.0,1124.4333333333323,874.302295166346,3227.871428571428,2855.968152666911,4176.06,3215.9834007977893,754.0,118,649,55,103.70847457627119,4,0,8,-0.8660254037844385,-0.5000000000000004
2024-08-10,5579.9,12237.6,2627.2,653.6,4816.333333333332,6486.119864243429,4676.842857142858,4361.461054836693,4555.846666666666,3471.522540638465,343.0,97,244,36,57.52474226804123,5,1,8,-0.8660254037844385,-0.5000000000000004
2024-08-11,118.0,5579.9,7513.6,2207.2,6598.966666666664,5204.473024556206,5098.657142857142,4272.061183182797,4720.056666666666,3396.2697702325454,11.0,6,7,7,19.666666666666668,6,1,8,-0.8660254037844385,-0.5000000000000004
2024-08-14,1239.4,118.0,6986.2,9650.6,5978.499999999997,6069.624165465262,4042.1428571428573,4484.500716117368,4650.416666666667,3470.1872515394825,65.0,17,46,19,72.90588235294118,2,0,8,-0.8660254037844385,-0.5000000000000004
2024-08-15,832.9,1239.4,1161.9,7916.3,2312.433333333332,2884.724996136226,3221.171428571429,4380.533005892584,4370.043333333334,3391.1584452029488,69.0,16,63,12,52.05625,3,0,8,-0.8660254037844385,-0.5000000000000004
2024-08-16,11850.2,832.9,232.0,3421.7,730.0999999999989,567.7238501241528,3174.171428571429,4407.988866710945,4133.93,3382.3154374960586,800.0,103,593,55,115.05048543689321,4,0,8,-0.8660254037844385,-0.5000000000000004
2024-08-17,8138.7,11850.2,1979.4,8836.9,4640.833333333332,6246.802090936865,4833.914285714286,5226.7910756118135,4414.88,3659.787246068107,520.0,96,427,53,84.778125,5,1,8,-0.8660254037844385,-0.5000000000000004
2024-08-18,3660.7,8138.7,12237.6,290.0,6940.5999999999985,5605.51581301845,5713.814285714286,5184.429547992268,4391.6066666666675,3632.8176723644824,280.0,49,242,34,74.70816326530611,6,1,8,-0.8660254037844385,-0.5000000000000004
2024-08-20,194.0,3660.7,5579.9,81.0,7883.199999999998,4100.724051920575,4488.542857142857,4328.516415146249,4503.963333333333,3552.832234311232,11.0,5,10,8,38.8,1,0,8,-0.8660254037844385,-0.5000000000000004
2024-08-21,722.9,194.0,118.0,7377.8,3997.799999999999,3983.0631215183926,3719.128571428572,4573.9183725824905,4507.73,3548.0380363927434,40.0,8,26,8,90.3625,2,0,8,-0.8660254037844385,-0.5000000000000004
2024-08-22,2195.1,722.9,1239.4,5564.9,1525.8666666666652,1867.637230120758,3805.5428571428574,4499.654844858346,4285.9,3570.3763115681395,175.0,24,144,26,91.46249999999999,3,0,8,-0.8660254037844385,-0.5000000000000004
2024-08-23,4629.9,2195.1,832.9,4946.9,1037.3333333333321,1036.9433655379307,3942.0714285714284,4422.656046131216,4173.573333333333,3581.7406114262717,314.0,49,246,40,94.48775510204081,4,0,8,-0.8660254037844385,-0.5000000000000004
2024-08-24,1865.9,4629.9,11850.2,1504.0,2515.9666666666653,1973.1646695937857,4484.5,4205.272066109404,4163.006666666667,3579.847611275379,167.0,29,69,17,64.34137931034483,5,1,8,-0.8660254037844385,-0.5000000000000004
2024-08-28,1003.0,1865.9,8138.7,3259.4,2896.9666666666653,1509.763760769598,3058.171428571429,2722.3922082819577,4175.070000000001,3571.177607104241,57.0,19,53,13,52.78947368421053,2,0,8,-0.8660254037844385,-0.5000000000000004
2024-08-29,3413.6,1003.0,3660.7,3396.6,2499.5999999999985,1894.672180088107,2038.7857142857142,1612.784569648176,4099.856666666667,3614.624703720587,269.0,23,82,21,148.41739130434783,3,0,8,-0.8660254037844385,-0.5000000000000004
2024-08-30,6223.6,3413.6,194.0,10330.9,2094.1666666666656,1221.4038412143411,2003.4857142857143,1573.5962076599951,4100.423333333334,3614.5119828635766,431.0,71,268,46,87.65633802816902,4,0,8,-0.8660254037844385,-0.5000000000000004
2024-08-31,10533.3,6223.6,722.9,6403.8,3546.733333333332,2612.8450878942617,2864.8571428571427,2008.2592386252913,3963.5133333333333,3444.150055677453,743.0,86,522,51,122.48023255813952,5,1,8,-0.8660254037844385,-0.5000000000000004
2024-09-01,1490.8,10533.3,2195.1,2047.6,6723.499999999999,3586.078224188631,4266.342857142857,3282.9491573163073,4101.163333333333,3622.923142177661,105.0,35,92,17,42.59428571428571,6,1,9,-1.0,-1.8369701987210297e-16
2024-09-04,2858.9,1490.8,4629.9,586.8,6082.566666666665,4522.89944209831,4165.728571428571,3366.7308464415437,4082.6033333333335,3635.2115666253117,181.0,34,166,27,84.08529411764707,2,0,9,-1.0,-1.8369701987210297e-16
2024-09-05,1275.7,2858.9,1865.9,4284.7,4960.999999999999,4873.994241892357,3912.7285714285713,3392.480467993047,4158.34,3583.163977076783,91.0,23,83,21,55.46521739130435,3,0,9,-1.0,-1.8369701987210297e-16
2024-09-06,3712.9,1275.7,1003.0,6261.3,1875.133333333332,858.7285038550556,3828.414285714286,3458.5206989061003,4058.04,3621.4147660824515,203.0,46,180,42,80.71521739130435,4,0,9,-1.0,-1.8369701987210297e-16
2024-09-07,9967.3,3712.9,3413.6,9818.2,2615.833333333332,1236.6474895188012,4215.542857142857,3233.921522886806,3973.0933333333332,3597.7626727744578,660.0,103,501,59,96.76990291262135,5,1,9,-1.0,-1.8369701987210297e-16
2024-09-08,2320.5,9967.3,6223.6,3002.5,4985.299999999998,4483.327888968177,5151.785714285715,3852.558318151973,3978.063333333333,3606.2086874687006,174.0,48,142,25,48.34375,6,1,9,-1.0,-1.8369701987210297e-16
2024-09-11,794.8,2320.5,10533.3,2094.8,5333.566666666665,4072.8746473876636,4594.2,3952.7271956629356,3955.33,3614.710271610945,54.0,12,46,14,66.23333333333333,2,0,9,-1.0,-1.8369701987210297e-16
2024-09-12,482.9,794.8,1490.8,2627.2,4360.866666666665,4914.876515573222,3202.985714285714,3145.327352559973,3911.9966666666664,3645.4450783071793,34.0,9,26,8,53.65555555555555,3,0,9,-1.0,-1.8369701987210297e-16
2024-09-13,4715.6,482.9,2858.9,7513.6,1199.3999999999987,983.3459767547696,3059.0,3257.828215749467,3840.52,3692.226497740991,317.0,45,270,43,104.79111111111112,4,0,9,-1.0,-1.8369701987210297e-16
2024-09-14,8129.4,4715.6,1275.7,6986.2,1997.7666666666655,2358.873443687291,3324.242857142857,3313.9220277777363,3747.253333333333,3631.0768185050933,563.0,75,385,52,108.392,5,1,9,-1.0,-1.8369701987210297e-16
2024-09-15,8593.9,8129.4,3712.9,1161.9,4442.633333333332,3830.55135239474,4303.342857142857,3607.2848722444764,3785.36,3672.008364087839,668.0,96,498,44,89.51979166666666,6,1,9,-1.0,-1.8369701987210297e-16
2024-09-18,773.6,8593.9,9967.3,232.0,7146.299999999998,2117.8212696070173,5000.6285714285705,3931.323592936735,4033.0933333333332,3739.002622766864,66.0,8,55,12,96.7,2,0,9,-1.0,-1.8369701987210297e-16
2024-09-19,634.2,773.6,2320.5,1979.4,5832.299999999999,4387.114579082687,3687.242857142857,3508.4873848317934,4051.146666666667,3721.2821592539344,63.0,13,61,14,48.784615384615385,3,0,9,-1.0,-1.8369701987210297e-16
2024-09-20,8575.8,634.2,794.8,12237.6,3333.8999999999983,4555.826828359461,3446.3428571428567,3672.0511379233044,4006.3066666666664,3755.058004321119,569.0,87,447,55,98.57241379310344,4,0,9,-1.0,-1.8369701987210297e-16
2024-09-21,7155.1,8575.8,482.9,5579.9,3327.866666666665,4545.378014349649,4557.914285714285,3905.8774329756707,3884.2466666666664,3531.1055118302784,481.0,74,305,45,96.69054054054054,5,1,9,-1.0,-1.8369701987210297e-16
2024-09-22,3255.3,7155.1,4715.6,118.0,5455.033333333332,4234.964302486289,5511.085714285714,3542.954344624736,3936.753333333333,3568.700191920877,233.0,46,210,30,70.76739130434783,6,1,9,-1.0,-1.8369701987210297e-16
2024-09-25,1039.2,3255.3,8129.4,1239.4,6328.733333333333,2754.830568897693,5302.471428571428,3639.2830144202403,4041.33,3498.208526655541,77.0,15,62,23,69.28,2,0,9,-1.0,-1.8369701987210297e-16
2024-09-26,1023.0,1039.2,8593.9,832.9,3816.5333333333324,3096.3357930517104,4289.585714285714,3707.395334296295,4034.6566666666668,3503.9242079351598,95.0,17,54,13,60.1764705882353,3,0,9,-1.0,-1.8369701987210297e-16
2024-09-27,6332.2,1023.0,773.6,11850.2,1772.4999999999989,1284.1680147082814,3208.0285714285715,3327.255645280001,4040.993333333333,3498.101388086593,410.0,66,341,52,95.94242424242424,4,0,9,-1.0,-1.8369701987210297e-16
2024-09-28,6616.0,6332.2,634.2,8138.7,2798.133333333332,3060.602230498624,4002.1142857142854,3312.6973040251155,3857.0599999999995,3206.220577801417,433.0,71,358,56,93.1830985915493,5,1,9,-1.0,-1.8369701987210297e-16
2024-09-29,2514.0,6616.0,8575.8,3660.7,4657.066666666666,3150.391406370512,4856.657142857142,3061.089892972304,3806.303333333333,3147.619149888871,185.0,40,157,32,62.85,6,1,9,-1.0,-1.8369701987210297e-16
2024-10-02,541.8,2514.0,7155.1,194.0,5154.066666666666,2290.763980276706,3990.6857142857143,2665.467478966608,3768.08,3156.3985366782886,53.0,13,44,9,41.676923076923075,2,0,10,-0.8660254037844386,0.5000000000000001
2024-10-03,1107.2,541.8,3255.3,722.9,3223.933333333332,3098.7062483128593,3045.928571428571,2525.2601771661007,3779.673333333333,3143.4304925245838,99.0,17,77,17,65.12941176470588,3,0,10,-0.8660254037844386,0.5000000000000001
2024-10-04,6110.9,1107.2,1039.2,2195.1,1387.6666666666654,1015.5734209465779,2739.0571428571425,2624.1593999203787,3792.4833333333327,3131.303739722851,417.0,53,250,47,115.3,4,0,10,-0.8660254037844386,0.5000000000000001
2024-10-05,9453.3,6110.9,1023.0,4629.9,2586.633333333332,3065.168990991059,3463.585714285714,2772.5587979509573,3923.01,3144.0098282673025,635.0,93,423,53,101.64838709677419,5,1,10,-0.8660254037844386,0.5000000000000001
2024-10-06,447.0,9453.3,6332.2,1865.9,5557.133333333331,4200.516568629765,4667.914285714285,3313.8562926136797,4083.7899999999995,3300.825622774632,28.0,18,26,10,24.833333333333332,6,1,10,-0.8660254037844386,0.5000000000000001
2024-10-09,733.7,447.0,6616.0,1003.0,5337.066666666665,4552.743507307784,3827.171428571429,3558.7495878535265,4036.493333333333,3343.5895442837623,79.0,8,23,8,91.7125,2,0,10,-0.8660254037844386,0.5000000000000001
2024-10-10,970.8,733.7,2514.0,3413.6,3544.6666666666656,5119.0341006222225,2986.842857142857,3484.1815800639824,4027.516666666667,3352.3645014231847,83.0,17,66,14,57.10588235294117,3,0,10,-0.8660254037844386,0.5000000000000001
2024-10-11,2961.7,970.8,541.8,6223.6,717.1666666666655,262.29110418226486,2766.3857142857146,3566.92600307724,3946.0899999999992,3397.158035399998,164.0,29,143,38,102.12758620689655,4,0,10,-0.8660254037844386,0.5000000000000001
2024-10-12,3422.0,2961.7,1107.2,10533.3,1555.3999999999987,1223.6477720323865,3112.0857142857144,3430.0285059206985,3837.36,3373.8707142206677,222.0,42,172,31,81.47619047619048,5,1,10,-0.8660254037844386,0.5000000000000001
2024-10-13,1682.9,3422.0,6110.9,1490.8,2451.4999999999986,1302.8136436190055,3442.7714285714287,3314.1510263888545,3600.3166666666666,3128.0616973017727,139.0,23,81,20,73.16956521739131,6,1,10,-0.8660254037844386,0.5000000000000001
2024-10-16,2160.9,1682.9,9453.3,2858.9,2688.8666666666654,901.0803090364167,2810.2,3137.9078284742527,3606.72,3123.7881816352638,196.0,14,37,6,154.35,2,0,10,-0.8660254037844386,0.5000000000000001
2024-10-17,882.6,2160.9,447.0,1275.7,2421.933333333332,898.4547864712852,1768.4285714285713,1138.1704730462254,3583.4533333333334,3132.1384459572805,65.0,17,53,13,51.91764705882353,3,0,10,-0.8660254037844386,0.5000000000000001
2024-10-18,22634.0,882.6,733.7,3712.9,1575.4666666666656,645.8863393300389,1830.6571428571428,1063.328436023944,3570.35,3142.9295495796114,1474.0,180,1136,65,125.74444444444444,4,0,10,-0.8660254037844386,0.5000000000000001
2024-10-19,7297.1,22634.0,970.8,9967.3,8559.166666666666,12205.90892737338,4959.271428571429,7851.137622390422,4201.053333333333,4690.162148636842,480.0,118,361,46,61.83983050847458,5,1,10,-0.8660254037844386,0.5000000000000001
2024-10-20,9078.3,7297.1,2961.7,2320.5,10271.233333333332,11176.535791708144,5863.028571428572,7677.697908816657,4112.046666666666,4601.458716142939,619.0,63,465,56,144.1,6,1,10,-0.8660254037844386,0.5000000000000001
2024-10-23,1598.9,9078.3,3422.0,794.8,13003.133333333331,8387.98920620033,6736.828571428572,7640.439002159126,4337.306666666666,4675.545396394643,129.0,5,17,10,319.78000000000003,2,0,10,-0.8660254037844386,0.5000000000000001
2024-10-24,1303.3,1598.9,1682.9,482.9,5991.433333333332,3906.9080067661102,6476.385714285715,7801.637189810138,4364.11,4656.804375975382,98.0,13,81,19,100.25384615384615,3,0,10,-0.8660254037844386,0.5000000000000001
2024-10-25,5324.5,1303.3,2160.9,4715.6,3993.4999999999986,4406.045632991082,6422.157142857142,7841.7258134199765,4391.456666666666,4635.586911744116,333.0,44,246,38,121.01136363636364,4,0,10,-0.8660254037844386,0.5000000000000001
2024-10-26,9129.9,5324.5,882.6,8129.4,2742.233333333332,2241.187340079608,6874.099999999999,7643.87287025803,4411.753333333333,4638.387267272476,602.0,78,427,62,117.05,5,1,10,-0.8660254037844386,0.5000000000000001
2024-10-27,2718.3,9129.9,22634.0,8593.9,5252.566666666665,3913.79581651025,8052.285714285715,7188.491555819992,4445.103333333333,4669.531104532383,236.0,46,135,32,59.09347826086957,6,1,10,-0.8660254037844386,0.5000000000000001
2024-10-30,970.4,2718.3,7297.1,773.6,5724.233333333331,3224.436957568428,5207.185714285714,3396.3048329169865,4249.25,4612.388421134305,86.0,13,57,13,74.64615384615385,2,0,10,-0.8660254037844386,0.5000000000000001
2024-10-31,1566.3,970.4,9078.3,634.2,4272.866666666665,4296.145738139377,4303.371428571429,3584.079815291643,4255.8099999999995,4607.411962850056,123.0,16,75,21,97.89375,3,0,10,-0.8660254037844386,0.5000000000000001
2024-11-01,21041.8,1566.3,1598.9,8575.8,1751.6666666666654,888.571439633924,3230.2285714285717,2991.7647170827054,4286.88,4585.236990708935,1208.0,189,962,62,111.33227513227513,4,0,11,-0.5000000000000004,0.8660254037844384
2024-11-02,12731.6,21041.8,1303.3,7155.1,7859.499999999999,11420.094096372404,6007.785714285715,7237.5296753401035,4702.413333333333,5467.332516314885,816.0,127,549,59,100.2488188976378,5,1,11,-0.5000000000000004,0.8660254037844384
2024-11-03,1609.9,12731.6,5324.5,3255.3,11779.9,9772.56745845225,7640.400000000001,7288.238260832774,4888.296666666666,5645.491361620037,125.0,29,67,19,55.51379310344828,6,1,11,-0.5000000000000004,0.8660254037844384
2024-11-06,4159.6,1609.9,9129.9,1039.2,11794.433333333334,9749.789506616702,7109.742857142858,7612.958908960686,4833.45,5669.843306826525,294.0,17,188,42,244.6823529411765,2,0,11,-0.5000000000000004,0.8660254037844384
2024-11-07,2042.7,4159.6,2718.3,1023.0,6167.033333333333,5826.267601418007,6399.7,7624.9157599718255,4937.463333333333,5626.292183072159,173.0,14,63,12,145.90714285714287,3,0,11,-0.5000000000000004,0.8660254037844384
2024-11-08,9167.5,2042.7,970.4,6332.2,2604.0666666666652,1364.4016722846336,6303.185714285714,7683.332394091466,4971.453333333334,5604.867712347863,526.0,74,459,54,123.88513513513513,4,0,11,-0.5000000000000004,0.8660254037844384
2024-11-09,7200.5,9167.5,1566.3,6616.0,5123.2666666666655,3658.8500711744286,7474.2,7352.645235106438,5065.963333333333,5652.307835192776,458.0,75,377,51,96.00666666666666,5,1,11,-0.5000000000000004,0.8660254037844384
2024-11-10,8842.8,7200.5,21041.8,2514.0,6136.899999999999,3679.5553372656045,8279.085714285715,6892.085967598055,5085.446666666667,5658.838607403794,594.0,95,527,56,93.08210526315789,6,1,11,-0.5000000000000004,0.8660254037844384
2024-11-13,1045.7,8842.8,12731.6,541.8,8403.599999999999,1054.4878994089072,6536.3714285714295,4106.430327228386,5296.406666666666,5677.607010542466,76.0,13,48,21,80.43846153846154,2,0,11,-0.5000000000000004,0.8660254037844384
2024-11-14,4790.9,1045.7,1609.9,1107.2,5696.333333333331,4110.423350864618,4866.9571428571435,3498.4431651127124,5313.203333333334,5663.7844615795475,406.0,41,270,37,116.85121951219512,3,0,11,-0.5000000000000004,0.8660254037844384
2024-11-15,1741.5,4790.9,4159.6,6110.9,4893.133333333331,3899.555210961003,5321.385714285715,3198.605259811734,5435.993333333333,5609.121861318978,115.0,30,98,28,58.05,4,0,11,-0.5000000000000004,0.8660254037844384
2024-11-16,2113.2,1741.5,2042.7,9453.3,2526.0333333333315,1992.0467297061823,4975.942857142858,3464.5099210216135,5290.346666666666,5647.589009646957,119.0,27,99,30,78.26666666666667,5,1,11,-0.5000000000000004,0.8660254037844384
2024-11-17,698.9,2113.2,9167.5,447.0,2881.866666666665,1663.6845925033683,4986.0142857142855,3454.650173523886,5045.676666666667,5619.948353099499,55.0,20,52,12,34.945,6,1,11,-0.5000000000000004,0.8660254037844384
2024-11-19,6482.7,698.9,7200.5,733.7,1517.8666666666647,733.191668892308,3776.214285714286,3221.202176428638,5054.073333333334,5613.024541001499,486.0,59,343,49,109.87627118644068,1,0,11,-0.5000000000000004,0.8660254037844384
2024-11-20,2235.0,6482.7,8842.8,970.8,3098.2666666666646,3015.104121474597,3673.671428571429,3103.293620609288,5245.706666666666,5558.3082852381585,210.0,48,170,30,46.5625,2,0,11,-0.5000000000000004,0.8660254037844384
2024-11-21,2313.1,2235.0,1045.7,2961.7,3138.866666666665,2995.966759383872,2729.7000000000003,2117.187547195572,5287.846666666666,5529.498303159493,229.0,23,102,28,100.5695652173913,3,0,11,-0.5000000000000004,0.8660254037844384
2024-11-22,4089.4,2313.1,4790.9,3422.0,3676.933333333331,2430.178973518845,2910.757142857143,2000.1302623055535,5266.2266666666665,5540.164723489937,267.0,38,221,42,107.61578947368422,4,0,11,-0.5000000000000004,0.8660254037844384
2024-11-23,16663.1,4089.4,1741.5,1682.9,2879.1666666666647,1048.8200242811436,2810.5428571428574,1905.5658782079618,5288.473333333332,5533.840193468782,1103.0,144,796,63,115.7159722222222,5,1,11,-0.5000000000000004,0.8660254037844384
2024-11-24,2531.9,16663.1,2113.2,2160.9,7688.53333333333,7822.783747703444,4942.2,5488.318495374217,5787.8133333333335,5863.328438619696,191.0,39,83,23,64.92051282051283,6,1,11,-0.5000000000000004,0.8660254037844384
2024-11-27,1941.8,2531.9,698.9,882.6,7761.466666666664,7748.27455394639,5002.014285714286,5454.525648312168,5800.179999999999,5855.801350585356,190.0,17,54,13,114.2235294117647,2,0,11,-0.5000000000000004,0.8660254037844384
2024-11-28,2201.7,1941.8,6482.7,22634.0,7045.599999999998,8334.223670504638,5179.571428571428,5309.4025626600405,5835.486666666667,5828.257504472226,209.0,29,184,39,75.92068965517241,3,0,11,-0.5000000000000004,0.8660254037844384
2024-11-29,7410.5,2201.7,2235.0,7297.1,2225.133333333331,295.74709353273886,4568.0,5380.365079310762,5154.41,4920.707032064988,577.0,32,183,38,231.578125,4,0,11,-0.5000000000000004,0.8660254037844384
2024-11-30,6834.9,7410.5,2313.1,9078.3,3851.3333333333308,3085.066858810857,5307.357142857143,5361.908004264016,5158.19,4922.453012567115,439.0,72,308,50,94.92916666666666,5,1,11,-0.5000000000000004,0.8660254037844384
2024-12-01,1376.6,6834.9,4089.4,1598.9,5482.366666666664,2855.680159494951,5953.328571428572,5211.321048356902,5083.41,4877.683518621069,103.0,31,84,22,44.406451612903226,6,1,12,-2.4492935982947064e-16,1.0
2024-12-04,5102.3,1376.6,16663.1,1303.3,5207.333333333331,3329.97255894596,5565.785714285715,5467.602930727075,5076.0,4883.325188208659,403.0,37,253,41,137.9,2,0,12,-2.4492935982947064e-16,1.0
2024-12-05,2740.7,5102.3,2531.9,5324.5,4437.933333333331,2789.139118676782,3914.2428571428577,2494.6398817311956,5202.633333333333,4831.096927937429,251.0,40,228,32,68.5175,3,0,12,-2.4492935982947064e-16,1.0
2024-12-06,7403.9,2740.7,1941.8,9129.9,3073.199999999997,1884.9740873549824,3944.0714285714284,2476.5389725140567,5116.506666666666,4851.83633369053,508.0,42,311,58,176.28333333333333,4,0,12,-2.4492935982947064e-16,1.0
2024-12-07,18984.1,7403.9,2201.7,2718.3,5082.2999999999965,2331.664332617319,4724.371428571429,2598.0350887509185,5058.973333333332,4812.679725757021,1233.0,145,797,69,130.92482758620687,5,1,12,-2.4492935982947064e-16,1.0
2024-12-08,1438.5,18984.1,7410.5,970.4,9709.566666666664,8363.556957020926,7121.857142857143,5733.51465038597,5601.166666666667,5418.060127613648,79.0,41,72,23,35.08536585365854,6,1,12,-2.4492935982947064e-16,1.0
2024-12-11,127.0,1438.5,6834.9,1566.3,9275.499999999996,8921.277081225524,6268.714285714285,6115.02801913139,5616.7699999999995,5404.922343960311,9.0,5,5,4,25.4,2,0,12,-2.4492935982947064e-16,1.0
2024-12-12,2014.4,127.0,1376.6,21041.8,6849.866666666664,10528.994349097786,5310.442857142858,6523.464126228527,5568.793333333333,5448.329688359315,202.0,22,134,21,91.56363636363636,3,0,12,-2.4492935982947064e-16,1.0
2024-12-13,3395.6,2014.4,5102.3,12731.6,1193.2999999999977,967.2962162645387,5401.557142857143,6463.540972732401,4934.546666666666,4631.214583501482,257.0,32,102,24,106.1125,4,0,12,-2.4492935982947064e-16,1.0
2024-12-14,15916.2,3395.6,2740.7,1609.9,1845.6666666666642,1640.8198235434127,5157.742857142856,6508.742362099649,4623.346666666666,4396.963136916469,948.0,132,726,63,120.57727272727273,5,1,12,-2.4492935982947064e-16,1.0
2024-12-15,1766.8,15916.2,7403.9,4159.6,7108.733333333331,7658.689847051721,7039.9571428571435,7519.81330017733,5100.223333333333,4814.814047090241,123.0,43,105,23,41.08837209302325,6,1,12,-2.4492935982947064e-16,1.0
2024-12-18,360.9,1766.8,18984.1,2042.7,7026.199999999997,7741.919811002938,6234.657142857143,7771.955219860951,5020.463333333333,4850.619171531601,32.0,8,30,13,45.1125,2,0,12,-2.4492935982947064e-16,1.0
2024-12-19,1586.0,360.9,1438.5,9167.5,6014.633333333331,8603.772750563156,3574.2000000000007,5550.168645786063,4964.403333333333,4895.729519622063,132.0,13,29,13,122.0,3,0,12,-2.4492935982947064e-16,1.0
2024-12-20,5588.5,1586.0,127.0,7200.5,1237.8999999999976,764.8652887925459,3595.271428571429,5540.981391629192,4711.686666666666,4866.87775873165,382.0,40,195,34,139.7125,4,0,12,-2.4492935982947064e-16,1.0
2024-12-21,11243.1,5588.5,2014.4,8842.8,2511.7999999999975,2734.0043288187603,4375.485714285715,5352.5346302565185,4657.953333333333,4847.311612226205,719.0,94,469,59,119.60744680851064,5,1,12,-2.4492935982947064e-16,1.0
2024-12-22,5000.2,11243.1,3395.6,1045.7,6139.199999999997,4852.045751020879,5693.8714285714295,5792.526446411878,4737.963333333333,4937.735182036352,406.0,53,147,33,94.3433962264151,6,1,12,-2.4492935982947064e-16,1.0
2024-12-24,3803.0,5000.2,15916.2,4790.9,7277.266666666664,3447.0856884233544,5923.1,5717.684323220378,4869.78,4888.305268869284,337.0,12,17,4,316.9166666666667,1,0,12,-2.4492935982947064e-16,1.0
2024-12-26,2657.0,3803.0,1766.8,1741.5,6682.099999999998,3995.042266359615,4192.642857142858,3647.4394456281034,4836.85,4892.180916999616,238.0,13,30,8,204.3846153846154,3,0,12,-2.4492935982947064e-16,1.0
2024-12-27,6519.8,2657.0,360.9,2113.2,3820.0666666666643,1171.693224924111,4319.814285714287,3563.3122341573267,4867.366666666667,4875.032116628664,429.0,56,372,48,116.425,4,0,12,-2.4492935982947064e-16,1.0
2024-12-28,11485.2,6519.8,1586.0,698.9,4326.599999999998,1983.9162482322024,5199.657142857143,3160.465026889324,5014.253333333332,4855.533768430392,785.0,111,548,62,103.47027027027028,5,1,12,-2.4492935982947064e-16,1.0
2024-12-29,1995.3,11485.2,5588.5,6482.7,6887.333333333331,4425.5609105889735,6613.828571428572,3473.2693621976746,5373.796666666666,4923.84336577416,127.0,44,113,24,45.34772727272727,6,1,12,-2.4492935982947064e-16,1.0
2024-12-31,6401.0,1995.3,11243.1,2235.0,6666.766666666664,4746.656707971739,6100.514285714286,3890.5155392863617,5224.216666666666,4957.043470421025,587.0,16,24,5,400.0625,1,0,12,-2.4492935982947064e-16,1.0
2025-01-02,522.7,6401.0,5000.2,2313.1,6627.166666666664,4748.990842624684,5408.785714285716,3191.429979611329,5363.083333333333,4928.68802316729,65.0,9,55,15,58.07777777777778,3,0,1,0.49999999999999994,0.8660254037844387
2025-01-03,15149.8,522.7,3803.0,4089.4,2972.9999999999977,3058.6803837602483,4769.142857142858,3695.8139003730325,5303.403333333334,4977.4909365153035,983.0,114,821,63,132.89298245614034,4,0,1,0.49999999999999994,0.8660254037844387
2025-01-04,5463.3,15149.8,2657.0,16663.1,7357.833333333331,7360.343818282751,6390.114285714286,5328.946337513197,5672.083333333333,5284.613448238092,371.0,88,303,43,62.08295454545455,5,1,1,0.49999999999999994,0.8660254037844387
2025-01-05,1125.8,5463.3,6519.8,2531.9,7045.266666666664,7440.764577873238,6791.014285714286,5102.022657544293,5298.756666666667,4859.924076083791,78.0,25,65,15,45.032,6,1,1,0.49999999999999994,0.8660254037844387
2025-01-08,135.0,1125.8,11485.2,1941.8,7246.2999999999965,7180.004230500131,6020.442857142857,5538.478199787726,5251.886666666667,4894.187849059852,10.0,3,5,5,45.0,2,0,1,0.49999999999999994,0.8660254037844387
2025-01-09,1103.8,135.0,1995.3,2201.7,2241.3666666666645,2833.9128362271626,4398.9857142857145,5329.469153498806,5191.66,4947.155937512886,89.0,11,77,18,100.34545454545454,3,0,1,0.49999999999999994,0.8660254037844387
2025-01-10,3358.3,1103.8,6401.0,7410.5,788.1999999999975,565.7947330964997,4271.628571428572,5406.577070788965,5155.0633333333335,4974.024816326997,220.0,34,172,34,98.77352941176471,4,0,1,0.49999999999999994,0.8660254037844387
2025-01-11,7402.2,3358.3,522.7,6834.9,1532.3666666666643,1653.8342611438056,3836.9571428571435,5328.599337179566,5019.990000000001,4965.678003806005,521.0,63,297,47,117.4952380952381,5,1,1,0.49999999999999994,0.8660254037844387
2025-01-12,1251.8,7402.2,15149.8,1376.6,3954.766666666664,3191.283441396751,4819.742857142858,5249.276256100187,5038.899999999999,4973.901131873774,76.0,12,64,14,104.31666666666666,6,1,1,0.49999999999999994,0.8660254037844387
2025-01-15,316.8,1251.8,5463.3,5102.3,4004.099999999998,3125.643656912886,2834.314285714286,2700.495530100957,5034.740000000001,4977.120922269881,18.0,4,13,11,79.2,2,0,1,0.49999999999999994,0.8660254037844387
2025-01-16,89.0,316.8,1125.8,2740.7,2990.266666666664,3849.3405998083726,2099.100000000001,2562.50491446683,4875.223333333332,5051.019951809213,12.0,4,10,2,22.25,3,0,1,0.49999999999999994,0.8660254037844387
2025-01-17,18285.9,89.0,135.0,7403.9,552.5333333333309,616.200952070885,1950.9857142857147,2656.382654681969,4786.833333333333,5112.488543876103,1140.0,137,987,61,133.47372262773723,4,0,1,0.49999999999999994,0.8660254037844387
2025-01-18,10760.9,18285.9,1103.8,18984.1,6230.566666666665,10440.846208202336,4543.971428571429,6567.658246466622,5149.566666666667,5661.1718447766625,724.0,130,509,55,82.77615384615385,5,1,1,0.49999999999999994,0.8660254037844387
2025-01-19,3075.5,10760.9,3358.3,1438.5,9711.933333333332,9143.688572088024,5923.557142857143,6736.683571525179,4875.460000000001,5143.646393139326,194.0,38,142,25,80.9342105263158,6,1,1,0.49999999999999994,0.8660254037844387
2025-01-22,569.6,3075.5,7402.2,127.0,10707.433333333332,7605.340955758205,5883.157142857142,6755.453271458344,4930.026666666668,5114.528611570644,67.0,10,56,14,56.96,2,0,1,0.49999999999999994,0.8660254037844387
2025-01-23,28.0,569.6,1251.8,2014.4,4801.999999999997,5310.484969378947,4907.071428571428,6988.968551394477,4944.78,5100.8160617148615,4.0,2,3,1,14.0,3,0,1,0.49999999999999994,0.8660254037844387
2025-01-24,6486.3,28.0,316.8,3395.6,1224.3666666666643,1625.839353482692,4732.242857142856,7109.904617939015,4878.566666666667,5152.794631194261,441.0,64,345,45,101.3484375,4,0,1,0.49999999999999994,0.8660254037844387
2025-01-25,10575.4,6486.3,89.0,15916.2,2361.2999999999975,3582.6039956991754,5613.6,6848.935562066081,4981.59,5153.019486258387,729.0,99,538,58,106.82222222222222,5,1,1,0.49999999999999994,0.8660254037844387
2025-01-26,5465.0,10575.4,18285.9,1766.8,5696.566666666665,5317.863362604671,7111.657142857143,6580.736251326591,4803.5633333333335,4845.2923992393335,392.0,69,313,45,79.20289855072464,6,1,1,0.49999999999999994,0.8660254037844387
2025-01-29,444.8,5465.0,10760.9,360.9,7508.899999999998,2704.316939635542,5280.1,4362.761033260177,4926.836666666667,4812.299515106264,43.0,12,39,9,37.06666666666667,2,0,1,0.49999999999999994,0.8660254037844387
2025-01-30,3027.0,444.8,3075.5,1586.0,5495.066666666665,5065.366925834007,3806.371428571429,3923.0075438428166,4929.633333333334,4809.578132143757,252.0,14,45,8,216.21428571428572,3,0,1,0.49999999999999994,0.8660254037844387
2025-01-31,2996.8,3027.0,569.6,5588.5,2978.9333333333307,2510.44514246638,3799.442857142858,3924.5560232367484,4977.666666666668,4782.151175759307,189.0,33,168,36,90.81212121212121,4,0,1,0.49999999999999994,0.8660254037844387
2025-02-01,7206.9,2996.8,28.0,11243.1,2156.1999999999975,1482.192794477055,4146.185714285714,3691.963711643883,4891.276666666668,4794.130551477424,459.0,82,397,54,87.8890243902439,5,1,2,0.8660254037844386,0.5000000000000001
2025-02-02,976.8,7206.9,6486.3,5000.2,4410.233333333331,2422.031449699415,5171.742857142858,3337.407239089033,4756.736666666667,4664.615022772853,67.0,24,61,16,40.699999999999996,6,1,2,0.8660254037844386,0.5000000000000001
2025-02-05,158.0,976.8,10575.4,3803.0,3726.8333333333308,3178.5606810839786,4384.671428571429,3613.927631038148,4622.623333333334,4714.9411128573665,20.0,6,18,5,26.333333333333332,2,0,2,0.8660254037844386,0.5000000000000001
2025-02-06,853.0,158.0,5465.0,2657.0,2780.566666666664,3855.1171763427687,2896.471428571429,2658.298138981835,4501.123333333334,4783.259719687875,71.0,8,21,6,106.625,3,0,2,0.8660254037844386,0.5000000000000001
2025-02-07,6886.4,853.0,444.8,6519.8,662.5999999999975,441.35867500220064,2237.6142857142863,2481.232264036404,4440.990000000001,4818.452911274783,365.0,58,298,45,118.73103448275862,4,0,2,0.8660254037844386,0.5000000000000001
2025-02-08,13888.7,6886.4,3027.0,11485.2,2632.466666666664,3700.3672592504977,3157.842857142858,2869.6214174562847,4453.210000000001,4824.367975353944,934.0,126,745,61,110.22777777777779,5,1,2,0.8660254037844386,0.5000000000000001
2025-02-09,2943.6,13888.7,2996.8,1995.3,7209.366666666664,6523.848497883215,4709.514285714286,4961.329594785585,4533.326666666666,4963.134063578929,204.0,61,161,23,48.25573770491803,6,1,2,0.8660254037844386,0.5000000000000001
2025-02-12,3349.0,2943.6,7206.9,6401.0,7906.233333333331,5543.360760705827,4701.914285714286,4964.430259498932,4564.9366666666665,4949.4129502454625,237.0,7,29,8,478.42857142857144,2,0,2,0.8660254037844386,0.5000000000000001
2025-02-13,417.59999999999997,3349.0,976.8,522.7,6727.0999999999985,6205.43900219797,4150.785714285715,4852.879412070248,4463.203333333334,4941.7323895561685,36.0,6,33,13,69.6,3,0,2,0.8660254037844386,0.5000000000000001
2025-02-14,8808.6,417.59999999999997,158.0,15149.8,2236.733333333331,1588.4022958095484,4070.900000000001,4918.001791039395,4459.7,4944.658639938379,571.0,70,492,54,125.83714285714287,4,0,2,0.8660254037844386,0.5000000000000001
2025-02-15,13197.8,8808.6,853.0,5463.3,4191.733333333331,4258.505589210029,5306.700000000002,4857.383608144074,4248.326666666667,4595.102923760689,883.0,140,747,63,94.27,5,1,2,0.8660254037844386,0.5000000000000001
2025-02-16,2276.8,13197.8,6886.4,1125.8,7474.666666666664,6493.682438596229,7070.242857142858,5199.815457577055,4506.143333333334,4874.129401497281,146.0,45,119,27,50.595555555555556,6,1,2,0.8660254037844386,0.5000000000000001
2025-02-19,444.9,2276.8,13888.7,135.0,8094.399999999998,5495.418226122535,6411.728571428573,5509.632376337015,4544.509999999999,4851.079068964435,41.0,6,36,7,74.14999999999999,2,0,2,0.8660254037844386,0.5000000000000001
2025-02-20,1546.5,444.9,2943.6,1103.8,5306.499999999997,6895.174121804303,4491.185714285714,4761.212046817696,4554.839999999999,4841.6864342912595,174.0,22,148,21,70.29545454545455,3,0,2,0.8660254037844386,0.5000000000000001
2025-02-21,8714.1,1546.5,3349.0,3358.3,1422.733333333331,922.2001102434664,4291.6,4865.047998050315,4569.596666666666,4831.46939171635,724.0,69,357,53,126.2913043478261,4,0,2,0.8660254037844386,0.5000000000000001
2025-02-22,10552.9,8714.1,417.59999999999997,7402.2,3568.4999999999977,4490.131419012114,5058.042857142857,5108.328510989729,4748.123333333334,4883.83439365108,765.0,70,475,54,150.75571428571428,5,1,2,0.8660254037844386,0.5000000000000001
2025-02-23,4916.5,10552.9,8808.6,1251.8,6937.833333333331,4758.69233018201,6505.942857142858,5009.2408822286225,4853.1466666666665,4975.885730665818,389.0,72,329,45,68.28472222222223,6,1,2,0.8660254037844386,0.5000000000000001
2025-02-26,423.6,4916.5,13197.8,316.8,8061.166666666664,2874.368225077138,5949.928571428572,4926.374609762678,4975.303333333333,4929.189531302867,34.0,7,31,17,60.51428571428572,2,0,2,0.8660254037844386,0.5000000000000001
2025-02-27,1499.2,423.6,2276.8,89.0,5297.666666666665,5075.3961070376645,4125.042857142858,4088.850957525498,4978.863333333333,4925.746375615078,127.0,19,75,21,78.90526315789474,3,0,2,0.8660254037844386,0.5000000000000001
2025-02-28,12993.6,1499.2,444.9,18285.9,2279.766666666665,2345.954143484705,4013.9571428571435,4157.420709148543,5025.87,4884.025149060475,940.0,119,807,64,109.18991596638656,4,0,2,0.8660254037844386,0.5000000000000001
2025-03-01,7233.2,12993.6,1546.5,10760.9,4972.133333333331,6967.580243767063,5806.628571428572,4985.061061382737,4849.46,4466.2722987543775,460.0,80,387,43,90.41499999999999,5,1,3,1.0,6.123233995736766e-17
2025-03-02,800.8,7233.2,8714.1,3075.5,7241.999999999999,5747.20505289308,6619.014285714286,4625.5021253296045,4731.87,4350.197500165745,51.0,24,48,15,33.36666666666667,6,1,3,1.0,6.123233995736766e-17
2025-03-05,234.7,800.8,10552.9,569.6,7009.199999999998,6099.485630772465,5488.5428571428565,4981.433750055355,4656.046666666666,4399.606584506937,26.0,3,25,9,78.23333333333333,2,0,3,1.0,6.123233995736766e-17
2025-03-06,310.7,234.7,4916.5,28.0,2756.2333333333318,3887.485074355024,4014.5142857142864,4754.540341059474,4644.883333333333,4410.743647682863,17.0,6,15,10,51.78333333333333,3,0,3,1.0,6.123233995736766e-17
2025-03-07,7087.7,310.7,423.6,6486.3,448.73333333333204,307.25755211724874,3356.542857142858,4924.565976766259,4654.306666666667,4400.830625824563,479.0,60,339,39,118.12833333333333,4,0,3,1.0,6.123233995736766e-17
2025-03-08,7846.6,7087.7,1499.2,10575.4,2544.3666666666654,3934.825578514642,4308.557142857143,4907.1913517670355,4674.3533333333335,4410.821892270572,579.0,80,401,56,98.08250000000001,5,1,3,1.0,6.123233995736766e-17
2025-03-09,695.9,7846.6,12993.6,5465.0,5081.666666666665,4149.1655189125795,5215.328571428572,4887.957659975622,4583.393333333334,4311.963024834541,50.0,23,43,14,30.256521739130434,6,1,3,1.0,6.123233995736766e-17
2025-03-12,1385.0,695.9,7233.2,444.8,5210.066666666665,3927.7548069263557,3458.514285714286,3689.4383869945,4424.423333333334,4365.914048839096,117.0,17,93,25,81.47058823529412,2,0,3,1.0,6.123233995736766e-17
2025-03-13,378.8,1385.0,800.8,3027.0,3309.1666666666656,3944.6090608998365,2623.057142857143,3337.589510838192,4455.763333333333,4339.657484615765,29.0,7,27,11,54.114285714285714,3,0,3,1.0,6.123233995736766e-17
2025-03-14,4228.7,378.8,234.7,2996.8,819.8999999999988,514.4332901356116,2562.771428571429,3379.5377128212267,4367.49,4396.286384834679,255.0,40,226,41,105.7175,4,0,3,1.0,6.123233995736766e-17
2025-03-15,18775.8,4228.7,310.7,7206.9,1997.4999999999989,1996.6971953703328,3133.342857142857,3255.871364605355,4408.553333333333,4388.788895130751,1256.0,140,964,74,134.11285714285714,5,1,3,1.0,6.123233995736766e-17
2025-03-16,1349.8,18775.8,7087.7,976.8,7794.433333333332,9703.001747054008,5771.214285714285,6475.785449253395,4794.183333333333,5094.6499619924725,90.0,40,71,21,33.745,6,1,3,1.0,6.123233995736766e-17
2025-03-19,1030.1,1349.8,7846.6,158.0,8118.0999999999985,9341.410132843957,4951.514285714286,6642.37904329179,4806.616666666667,5085.459366975705,60.0,11,57,24,93.64545454545454,2,0,3,1.0,6.123233995736766e-17
2025-03-20,563.9,1030.1,695.9,853.0,7051.899999999999,10154.453477661895,3977.7285714285717,6646.870874257122,4835.686666666666,5060.401038675681,43.0,5,12,5,112.78,3,0,3,1.0,6.123233995736766e-17
2025-03-21,5187.8,563.9,1385.0,6886.4,981.2666666666654,395.2192092156673,3958.871428571429,6657.911235443713,4826.05,5068.515676670558,320.0,41,273,44,126.53170731707317,4,0,3,1.0,6.123233995736766e-17
2025-03-22,10525.9,5187.8,378.8,13888.7,2260.599999999999,2545.72396186227,4502.128571428571,6567.422695323307,4769.429999999999,5054.173181751686,696.0,103,593,65,102.19320388349514,5,1,3,1.0,6.123233995736766e-17
2025-03-23,1277.8,10525.9,4228.7,2943.6,5425.866666666666,4985.265068512715,5951.714285714285,6625.218709202134,4657.336666666667,4879.210804082785,112.0,26,88,17,49.146153846153844,6,1,3,1.0,6.123233995736766e-17
2025-03-26,699.5,1277.8,18775.8,3349.0,5663.833333333332,4642.391000694909,5530.157142857143,6843.413636691649,4601.8099999999995,4908.775120926564,63.0,6,26,11,116.58333333333333,2,0,3,1.0,6.123233995736766e-17
2025-03-27,312.8,699.5,1349.8,417.59999999999997,4167.733333333332,5513.920587325599,2947.8285714285716,3701.4211008360376,4513.493333333333,4955.702455091741,29.0,8,21,6,39.1,3,0,3,1.0,6.123233995736766e-17
2025-03-28,3947.2,312.8,1030.1,8808.6,763.3666666666654,485.65982264654366,2799.6857142857148,3795.5931707830873,4510.0,4958.725274392257,275.0,37,209,39,106.68108108108108,4,0,3,1.0,6.123233995736766e-17
2025-03-29,12491.6,3947.2,563.9,13197.8,1653.1666666666654,1996.077634595677,3216.414285714286,3728.468891036716,4347.953333333333,4892.396430897386,770.0,101,666,67,123.67920792079208,5,1,3,1.0,6.123233995736766e-17
2025-03-30,1560.0,12491.6,5187.8,2276.8,5583.866666666666,6252.183673992079,4920.3714285714295,4866.172863320244,4324.413333333334,4849.86069239913,104.0,37,81,20,42.16216216216216,6,1,3,1.0,6.123233995736766e-17
2025-04-02,377.0,1560.0,10525.9,444.9,5999.5999999999985,5747.541122949861,4402.114285714286,5023.58230164776,4300.52,4862.046707204127,35.0,11,29,8,34.27272727272727,2,0,4,0.8660254037844387,-0.4999999999999998
2025-04-03,1051.6,377.0,1277.8,1546.5,4809.533333333332,6679.107983356242,2952.2714285714287,4385.6728524877,4298.256666666666,4863.918872798037,78.0,13,68,18,80.89230769230768,3,0,4,0.8660254037844387,-0.4999999999999998
2025-04-04,4647.8,1051.6,699.5,8714.1,996.1999999999988,593.4426004254473,2919.9571428571435,4400.873891193708,4281.759999999999,4874.401635398177,318.0,51,281,44,91.13333333333334,4,0,4,0.8660254037844387,-0.4999999999999998
2025-04-05,6188.4,4647.8,312.8,10552.9,2025.4666666666653,2295.9192871991513,3484.0000000000005,4321.1523663640155,4146.216666666666,4802.912677136178,389.0,71,294,41,87.16056338028169,5,1,4,0.8660254037844387,-0.4999999999999998
2025-04-06,6137.5,6188.4,3947.2,4916.5,3962.5999999999985,2636.058201178369,4323.3714285714295,4170.523664047595,4000.7333333333327,4666.3176605537055,610.0,38,178,26,161.51315789473685,6,1,4,0.8660254037844387,-0.4999999999999998
2025-04-10,300.0,6137.5,12491.6,423.6,5657.899999999999,875.142394127807,4636.271428571429,4219.475055309724,4041.433333333333,4679.885583874987,21.0,7,19,10,42.857142857142854,3,0,4,0.8660254037844387,-0.4999999999999998
2025-04-11,4843.7,300.0,1560.0,1499.2,4208.633333333332,3385.0714325303497,2894.6142857142863,2667.3111982097644,4037.313333333333,4683.233628648666,307.0,52,245,42,93.14807692307691,4,0,4,0.8660254037844387,-0.4999999999999998
2025-04-12,7265.5,4843.7,377.0,12993.6,3760.399999999999,3065.8205638947197,3363.7142857142862,2682.1835112637664,4148.796666666667,4660.483264676887,529.0,69,394,55,105.29710144927536,5,1,4,0.8660254037844387,-0.4999999999999998
2025-04-13,704.0,7265.5,1051.6,7233.2,4136.399999999999,3536.2059512986143,4347.785714285715,2667.3752338385516,3957.86,4395.423218774039,53.0,23,50,16,30.608695652173914,6,1,4,0.8660254037844387,-0.4999999999999998
2025-04-16,603.7,704.0,4647.8,800.8,4271.066666666666,3318.019328354353,4298.128571428571,2741.1803137300144,3740.2200000000003,4389.294777178393,42.0,10,38,16,60.370000000000005,2,0,4,0.8660254037844387,-0.4999999999999998
2025-04-17,7397.8,603.7,6188.4,234.7,2857.733333333332,3817.5673226981958,3720.4000000000005,3062.5304711409276,3733.65,4393.991286757797,472.0,68,395,45,108.79117647058824,3,0,4,0.8660254037844387,-0.4999999999999998
2025-04-18,5642.6,7397.8,6137.5,310.7,2901.833333333332,3893.9443015191,3893.171428571429,3253.1485854549637,3972.42,4391.922971138473,344.0,62,299,45,91.00967741935484,4,0,4,0.8660254037844387,-0.4999999999999998
2025-04-19,12510.3,5642.6,300.0,7087.7,4548.033333333333,3526.8265967202124,3822.4714285714294,3201.206920165314,4150.15,4346.279833870612,821.0,86,482,58,145.4686046511628,5,1,4,0.8660254037844387,-0.4999999999999998
2025-04-20,3596.6,12510.3,4843.7,7846.6,8516.9,3567.998658912268,5566.800000000001,4148.456332179486,4330.903333333333,4579.177227819601,261.0,55,220,42,65.39272727272727,6,1,4,0.8660254037844387,-0.4999999999999998
2025-04-23,221.9,3596.6,7265.5,695.9,7249.833333333332,4669.144585824375,5388.642857142858,4210.993039991542,4189.236666666667,4532.161140231335,16.0,3,12,10,73.96666666666667,2,0,4,0.8660254037844387,-0.4999999999999998
2025-04-24,1296.6,221.9,704.0,1385.0,5442.9333333333325,6348.85058284829,4382.414285714286,4518.11062555599,4173.4366666666665,4545.565946288478,123.0,9,42,15,144.06666666666666,3,0,4,0.8660254037844387,-0.4999999999999998
2025-04-25,5572.6,1296.6,603.7,378.8,1705.0333333333328,1724.0253372073973,4467.071428571429,4442.62107458885,4170.49,4547.464140128937,346.0,48,316,45,116.09583333333335,4,0,4,0.8660254037844387,-0.4999999999999998
2025-04-26,8658.1,5572.6,7397.8,4228.7,2363.6999999999994,2830.4636422324434,5176.914285714287,4106.716217136911,4343.616666666667,4496.716377388968,634.0,85,420,55,101.86,5,1,4,0.8660254037844387,-0.4999999999999998
2025-04-27,2152.4,8658.1,5642.6,18775.8,5175.766666666666,3696.759132447378,5356.9571428571435,4245.588320777684,4491.263333333333,4565.012601975531,145.0,34,113,27,63.30588235294118,6,1,4,0.8660254037844387,-0.4999999999999998
2025-04-30,3008.8,2152.4,12510.3,1349.8,5461.033333333333,3254.28463157928,4858.357142857144,4408.278236400677,3937.15,3697.8647517974746,265.0,36,217,27,83.57777777777778,2,0,4,0.8660254037844387,-0.4999999999999998
2025-05-01,3423.4,3008.8,3596.6,1030.1,4606.433333333333,3534.877271325425,3501.0000000000005,2845.1480717178847,3992.45,3670.1386751729146,216.0,55,182,41,62.24363636363636,3,0,5,0.49999999999999994,-0.8660254037844387
2025-05-02,5148.2,3423.4,221.9,563.9,2861.533333333333,648.1711605224946,3476.2571428571437,2844.931230485277,4072.2266666666665,3629.3107060891507,316.0,60,268,41,85.80333333333333,4,0,5,0.49999999999999994,-0.8660254037844387
2025-05-03,5564.9,5148.2,1296.6,5187.8,3860.1333333333328,1134.5968858290948,4180.014285714286,2493.305567868072,4225.036666666667,3572.5670552798956,360.0,52,273,46,107.01730769230768,5,1,5,0.49999999999999994,-0.8660254037844387
2025-05-04,755.6,5564.9,5572.6,10525.9,4712.166666666665,1135.3851167480939,4789.77142857143,2171.8133749736267,4237.606666666667,3576.732307272248,48.0,15,43,14,50.373333333333335,6,1,5,0.49999999999999994,-0.8660254037844387
2025-05-07,876.0,755.6,8658.1,1277.8,3822.899999999999,2664.518097142473,4101.628571428572,2602.8053587839227,3911.9300000000003,3426.0522399896245,88.0,10,33,11,87.6,2,0,5,0.49999999999999994,-0.8660254037844387
2025-05-08,2800.4,876.0,2152.4,699.5,2398.8333333333326,2742.5549480973164,2989.9000000000005,1899.0892246899052,3898.536666666667,3437.4711697833845,258.0,14,94,23,200.02857142857144,3,0,5,0.49999999999999994,-0.8660254037844387
2025-05-09,3307.8,2800.4,3008.8,312.8,1477.3333333333328,1147.3896867817282,3082.471428571429,1866.9831732095483,3968.5666666666666,3391.1394472322586,231.0,30,107,33,110.26,4,0,5,0.49999999999999994,-0.8660254037844387
2025-05-10,5049.6,3307.8,3423.4,3947.2,2328.066666666666,1282.8627726039429,3125.1857142857148,1868.436553582134,4068.4,3323.209694837518,299.0,49,257,49,103.05306122448981,5,1,5,0.49999999999999994,-0.8660254037844387
2025-05-11,361.0,5049.6,5148.2,12491.6,3719.2666666666664,1179.70495181341,3357.5000000000005,2007.6096906520418,4105.1466666666665,3327.9149114343545,25.0,13,24,7,27.76923076923077,6,1,5,0.49999999999999994,-0.8660254037844387
2025-05-14,111.9,361.0,5564.9,1560.0,2906.133333333333,2369.967209337099,2673.6142857142863,2108.770893536927,3700.793333333333,2993.9968573836177,4.0,2,3,3,55.95,2,0,5,0.49999999999999994,-0.8660254037844387
2025-05-15,953.6999999999999,111.9,755.6,377.0,1840.8333333333328,2781.6632332712516,1894.6142857142863,1854.5641037078847,3652.523333333333,3041.005719266109,73.0,7,20,10,136.24285714285713,3,0,5,0.49999999999999994,-0.8660254037844387
2025-05-16,1059.9,953.6999999999999,876.0,1051.6,475.5333333333327,432.42944318474275,1922.9142857142865,1835.7018643455779,3671.7466666666664,3021.345132807607,70.0,16,37,17,66.24375,4,0,5,0.49999999999999994,-0.8660254037844387
2025-05-17,7840.6,1059.9,2800.4,4647.8,708.4999999999994,519.3922217358808,1949.185714285715,1819.466076837332,3672.0233333333335,3021.0973006147283,448.0,60,369,55,130.67666666666668,5,1,5,0.49999999999999994,-0.8660254037844387
2025-05-18,2334.2,7840.6,3307.8,6188.4,3284.733333333333,3945.853573478504,2669.2142857142867,2893.033279811208,3778.45,3111.5409773327237,204.0,35,183,26,66.69142857142856,6,1,5,0.49999999999999994,-0.8660254037844387
2025-05-20,1798.4,2334.2,5049.6,6137.5,3744.9,3603.7520711058564,2530.1285714285723,2880.5924840295565,3649.976666666667,3088.084818234302,118.0,22,82,23,81.74545454545455,1,0,5,0.49999999999999994,-0.8660254037844387
2025-05-21,183.0,1798.4,361.0,300.0,3991.066666666666,3344.540412871862,2065.6714285714293,2660.3422622626745,3505.3400000000006,3069.1161164537007,12.0,3,11,8,61.0,2,0,5,0.49999999999999994,-0.8660254037844387
2025-05-22,75.0,183.0,111.9,4843.7,1438.5333333333328,1119.8407803491848,2040.2428571428577,2680.1289290238274,3501.4400000000005,3073.4010174734567,11.0,3,9,2,25.0,3,0,5,0.49999999999999994,-0.8660254037844387
2025-05-23,9772.1,75.0,953.6999999999999,7265.5,685.4666666666661,965.3400713391459,2034.9714285714292,2684.5864130341474,3342.483333333333,3124.4797256374572,608.0,87,523,61,112.32298850574713,4,0,5,0.49999999999999994,-0.8660254037844387
2025-05-24,3768.9,9772.1,1059.9,704.0,3343.3666666666663,5567.708254150273,3294.7428571428577,3890.7340249440244,3426.0366666666664,3263.4301239840297,244.0,54,212,32,69.79444444444445,5,1,5,0.49999999999999994,-0.8660254037844387
2025-05-25,1363.9,3768.9,7840.6,603.7,4538.666666666666,4894.1641414375445,3681.7428571428577,3764.057804133346,3528.2,3223.000638193094,96.0,19,41,16,71.78421052631579,6,1,5,0.49999999999999994,-0.8660254037844387
2025-05-28,696.0,1363.9,2334.2,7397.8,4968.299999999999,4330.516952974524,2756.5000000000005,3343.963947174066,3553.54,3202.135553959423,76.0,10,22,7,69.6,2,0,5,0.49999999999999994,-0.8660254037844387
2025-05-29,513.7,696.0,1798.4,5642.6,1942.9333333333327,1616.2110949170833,2522.471428571429,3434.542828244768,3330.1466666666665,3158.167045519011,30.0,10,21,12,51.370000000000005,3,0,5,0.49999999999999994,-0.8660254037844387
2025-05-30,3418.5,513.7,183.0,12510.3,857.8666666666662,447.61660305787495,2338.9428571428575,3513.1090384715385,3159.1833333333334,3167.4782262630556,270.0,31,137,33,110.2741935483871,4,0,5,0.49999999999999994,-0.8660254037844387
2025-05-31,19301.8,3418.5,75.0,3596.6,1542.733333333333,1627.0168294560062,2801.1571428571438,3392.96994772875,2856.1233333333334,2631.5272372656977,1143.0,161,948,69,119.88695652173912,5,1,5,0.49999999999999994,-0.8660254037844387
2025-06-01,1394.7,19301.8,9772.1,221.9,7744.666666666667,10113.602915051248,5547.842857142858,6844.73977393277,3379.6299999999997,3993.5868021504584,82.0,43,71,17,32.43488372093023,6,1,6,1.2246467991473532e-16,-1.0
2025-06-04,240.0,1394.7,3768.9,1296.6,8038.333333333332,9806.793697398407,4351.071428571429,6714.178898101711,3418.7233333333334,3967.2633255512987,21.0,5,20,5,48.0,2,0,6,1.2246467991473532e-16,-1.0
2025-06-05,983.7,240.0,1363.9,5572.6,6978.833333333332,10687.607946745291,3846.9428571428575,6895.217606635569,3383.503333333333,3991.3692736032767,73.0,10,51,16,98.37,3,0,6,1.2246467991473532e-16,-1.0
2025-06-06,2971.4,983.7,696.0,8658.1,872.7999999999988,585.2838029534995,3792.628571428572,6919.49134202659,3230.54,3992.513727448166,169.0,33,144,28,90.04242424242425,4,0,6,1.2246467991473532e-16,-1.0
2025-06-07,6459.4,2971.4,513.7,2152.4,1398.3666666666657,1412.1252859902513,4117.685714285714,6802.228010347926,3040.983333333333,3858.6919533816026,381.0,67,316,44,96.4089552238806,5,1,6,1.2246467991473532e-16,-1.0
2025-06-08,872.8,6459.4,3418.5,3008.8,3471.4999999999986,2771.894231387578,4967.071428571428,6646.635183237279,3184.55,3904.3444179043254,63.0,20,54,18,43.64,6,1,6,1.2246467991473532e-16,-1.0
2025-06-11,382.9,872.8,19301.8,3423.4,3434.5333333333315,2821.94866241983,4603.4,6813.048048414163,3113.35,3927.0699416644097,20.0,9,15,8,42.544444444444444,2,0,6,1.2246467991473532e-16,-1.0
2025-06-12,1406.9,382.9,1394.7,5148.2,2571.6999999999985,3375.7456909547736,1900.7000000000005,2203.908986324057,3012.0,3957.905850843082,118.0,10,32,14,140.69,3,0,6,1.2246467991473532e-16,-1.0
2025-06-13,5655.8,1406.9,240.0,5564.9,887.533333333332,512.1589629529531,1902.4428571428575,2203.4469245987616,2887.29,3947.2031173853366,332.0,63,292,43,89.77460317460317,4,0,6,1.2246467991473532e-16,-1.0
2025-06-14,4190.5,5655.8,983.7,755.6,2481.8666666666654,2795.98526522102,2676.128571428572,2458.485868520347,2890.32,3949.3637109862566,244.0,43,207,43,97.45348837209302,5,1,6,1.2246467991473532e-16,-1.0
2025-06-15,1373.6,4190.5,2971.4,876.0,3751.0666666666657,2158.266444008494,3134.2428571428577,2388.334219253478,3004.8166666666666,3935.106763138558,98.0,19,84,25,72.29473684210525,6,1,6,1.2246467991473532e-16,-1.0
2025-06-18,3721.9,1373.6,6459.4,2800.4,3739.9666666666653,2176.360361551614,2905.985714285715,2481.044076881453,3021.403333333333,3926.8643530468244,338.0,36,238,36,103.38611111111112,2,0,6,1.2246467991473532e-16,-1.0
2025-06-19,953.8,3721.9,872.8,3307.8,3095.333333333332,1509.3610380995879,2514.914285714286,1995.9076159553392,3052.1200000000003,3928.679665318824,76.0,20,58,12,47.69,3,0,6,1.2246467991473532e-16,-1.0
2025-06-20,7189.9,953.8,382.9,5049.6,2016.4333333333323,1491.8178251157397,2526.485714285715,1985.005645188075,2973.653333333333,3946.8628200769426,447.0,64,379,50,112.3421875,4,0,6,1.2246467991473532e-16,-1.0
2025-06-21,4881.9,7189.9,1406.9,361.0,3955.199999999999,3124.5891681947146,3498.914285714286,2386.581804889278,3044.996666666667,4004.603139102877,269.0,47,223,41,103.87021276595743,5,1,6,1.2246467991473532e-16,-1.0
2025-06-22,3333.0,4881.9,5655.8,111.9,4341.866666666665,3152.929241726347,3995.342857142858,2235.5339666823425,3195.693333333333,3985.1345927111374,317.0,10,15,8,333.3,6,1,6,1.2246467991473532e-16,-1.0
2025-06-25,1576.0,3333.0,4190.5,953.6999999999999,5134.933333333332,1940.860325560055,3663.5142857142864,2117.2498446715977,3303.063333333333,3942.346825265141,142.0,5,10,5,315.2,2,0,6,1.2246467991473532e-16,-1.0
2025-06-26,341.9,1576.0,1373.6,1059.9,3263.6333333333314,1654.0412640962343,3290.0142857142864,2236.0667710875473,3323.8066666666664,3931.1803410358953,26.0,7,17,9,48.84285714285714,3,0,6,1.2246467991473532e-16,-1.0
2025-06-27,7306.8,341.9,3721.9,7840.6,1750.2999999999986,1503.148419152189,3142.628571428572,2410.623844370498,3299.8733333333334,3947.5898241780387,426.0,59,331,49,123.84406779661018,4,0,6,1.2246467991473532e-16,-1.0
2025-06-28,7701.9,7306.8,953.8,2334.2,3074.899999999999,3716.5150221679096,3654.757142857143,2887.7754557543326,3282.08,3927.5694938780334,477.0,76,378,45,101.34078947368421,5,1,6,1.2246467991473532e-16,-1.0
2025-06-29,1024.9,7701.9,7189.9,1798.4,5116.866666666665,4139.9584543003675,4618.771428571429,2961.2613729705886,3461.0033333333336,4004.412167070416,64.0,23,58,19,44.560869565217395,6,1,6,1.2246467991473532e-16,-1.0
2025-07-02,1947.78,1024.9,4881.9,183.0,5344.533333333332,3746.124678028361,3738.0571428571434,2985.800273995312,3435.22,4017.953645859524,167.165,7,34,10,278.2542857142857,2,0,7,-0.4999999999999997,-0.8660254037844388
2025-07-03,752.4,1947.78,3333.0,75.0,3558.1933333333313,3618.1011011486507,3318.897142857143,3004.35433119838,3494.046,3981.449750621168,59.0,12,48,17,62.699999999999996,3,0,7,-0.4999999999999997,-0.8660254037844388
2025-07-04,4072.8,752.4,1576.0,9772.1,1241.693333333332,626.4845154774888,2950.2400000000007,3156.7974741077874,3516.6259999999997,3963.270040188076,256.0,39,207,35,104.43076923076923,4,0,7,-0.4999999999999997,-0.8660254037844388
2025-07-05,1152.0,4072.8,341.9,3768.9,2257.6599999999985,1681.750055983272,3306.9257142857145,3116.4417273489794,3326.6493333333333,3785.696371367588,71.0,24,62,15,48.0,5,1,7,-0.4999999999999997,-0.8660254037844388
2025-07-06,746.8,1152.0,7306.8,1363.9,1992.399999999999,1812.7239613354639,3422.6542857142863,3000.884032852413,3239.419333333333,3805.2534255773926,54.0,11,17,10,67.89090909090909,6,1,7,-0.4999999999999997,-0.8660254037844388
2025-07-08,2704.5,746.8,7701.9,696.0,1990.533333333332,1814.641180325485,2485.5114285714294,2580.6259239922606,3218.849333333333,3817.3900633511275,227.0,30,193,37,90.15,1,0,7,-0.4999999999999997,-0.8660254037844388
2025-07-09,1621.3,2704.5,1024.9,513.7,1534.4333333333318,1033.3628420516511,1771.5971428571434,1240.1150465677524,3285.7993333333334,3789.126263494391,125.0,28,105,25,57.903571428571425,2,0,7,-0.4999999999999997,-0.8660254037844388
2025-07-10,3534.7,1621.3,1947.78,3418.5,1690.8666666666652,980.7022806810775,1856.7971428571434,1200.1063355902018,3322.7193333333335,3766.5130133173802,292.0,9,29,11,392.7444444444444,3,0,7,-0.4999999999999997,-0.8660254037844388
2025-07-11,11879.59,3534.7,752.4,19301.8,2620.166666666665,959.4837014421205,2083.5000000000005,1359.4638722672776,3326.5926666666664,3766.6746511038727,746.666,102,619,63,116.46656862745098,4,0,7,-0.4999999999999997,-0.8660254037844388
2025-07-12,6667.9,11879.59,4072.8,1394.7,5678.529999999999,5454.826645522272,3673.0985714285716,3820.8340902235323,3079.1856666666667,2801.2159134693006,426.0,83,352,51,80.33614457831325,5,1,7,-0.4999999999999997,-0.8660254037844388
2025-07-13,1450.5,6667.9,1152.0,240.0,7360.729999999999,4215.3656228967575,4043.8271428571434,3988.3086540316594,3254.9590000000003,2856.7644942104866,100.0,22,67,23,65.93181818181819,6,1,7,-0.4999999999999997,-0.8660254037844388
2025-07-16,651.6,1450.5,746.8,983.7,6665.996666666666,5214.545260522062,4086.4700000000007,3953.681576956683,3295.309,2821.037035547996,42.0,11,33,14,59.23636363636364,2,0,7,-0.4999999999999997,-0.8660254037844388
2025-07-17,1097.0,651.6,2704.5,2971.4,2923.333333333332,3267.398803839698,4072.8700000000003,3967.2246713918303,3284.239,2831.0545950403252,88.0,9,21,9,121.88888888888889,3,0,7,-0.4999999999999997,-0.8660254037844388
2025-07-18,3733.9,1097.0,1621.3,6459.4,1066.3666666666654,400.32999304709574,3843.2271428571435,4103.8080784182,3221.7589999999996,2858.745005418005,201.0,33,176,39,113.14848484848486,4,0,7,-0.4999999999999997,-0.8660254037844388
2025-07-19,5449.1,3733.9,3534.7,872.8,1827.4999999999989,1665.9429792162023,4145.027142857143,3989.2533550140047,3130.909,2794.900680846368,326.0,60,275,45,90.81833333333334,5,1,7,-0.4999999999999997,-0.8660254037844388
2025-07-20,1142.8,5449.1,11879.59,382.9,3426.6666666666656,2192.256336137061,4418.512857142858,4006.024623966238,3283.4523333333336,2792.2892218685565,84.0,27,50,19,42.32592592592592,6,1,7,-0.4999999999999997,-0.8660254037844388
2025-07-23,569.4,1142.8,6667.9,1406.9,3441.933333333332,2167.9456458438003,2884.6857142857148,2411.2113963929437,3308.7823333333336,2768.4144233635698,53.0,7,47,13,81.34285714285714,2,0,7,-0.4999999999999997,-0.8660254037844388
2025-07-24,162.0,569.4,1450.5,5655.8,2387.099999999999,2667.2232546226346,2013.4714285714292,1853.7520363794326,3280.8656666666666,2792.373314603213,8.0,3,7,3,54.0,3,0,7,-0.4999999999999997,-0.8660254037844388
2025-07-25,1818.8,162.0,651.6,4190.5,624.7333333333321,492.7357236217899,1829.4000000000008,1978.729106438423,3097.739,2811.332128668746,118.0,27,104,25,67.36296296296297,4,0,7,-0.4999999999999997,-0.8660254037844388
2025-07-26,7561.3,1818.8,1097.0,1373.6,850.0666666666654,863.3231685371875,1996.1428571428576,1910.954844972468,3018.682333333333,2812.8897980248476,424.0,64,365,58,118.1453125,5,1,7,-0.4999999999999997,-0.8660254037844388
2025-07-27,5318.4,7561.3,3733.9,3721.9,3180.699999999999,3883.1029898780384,2919.6142857142863,2771.98515834685,3224.939,2913.1742757441684,352.0,63,308,38,84.41904761904762,6,1,7,-0.4999999999999997,-0.8660254037844388
2025-07-30,467.9,5318.4,5449.1,953.8,4899.499999999999,2894.077481685617,3145.971428571429,2910.780510856312,3278.1556666666665,2937.049861502102,50.0,6,13,7,77.98333333333333,2,0,7,-0.4999999999999997,-0.8660254037844388
2025-07-31,905.8,467.9,1142.8,7189.9,4449.199999999999,3625.7016383039245,2434.371428571429,2862.3679746637936,3261.9590000000003,2951.6134247517575,73.0,8,15,9,113.225,3,0,7,-0.4999999999999997,-0.8660254037844388
2025-08-01,11972.3,905.8,569.4,4881.9,2230.6999999999985,2682.975506783421,2400.5142857142864,2881.5288837863823,3052.489,2885.487269989481,690.0,77,442,67,155.4844155844156,4,0,8,-0.8660254037844385,-0.5000000000000004
2025-08-02,4882.1,11972.3,162.0,3333.0,4448.666666666665,6519.335319135924,4029.5,4462.999613115228,3288.835666666667,3300.969335358495,286.0,55,205,41,88.76545454545455,5,1,8,-0.8660254037844385,-0.5000000000000004
2025-08-03,1034.9,4882.1,1818.8,1576.0,5920.066666666666,5605.790458386141,4703.800000000001,4125.061622974057,3340.472333333333,3313.7753676159887,65.0,14,28,14,73.92142857142858,6,1,8,-0.8660254037844385,-0.5000000000000004
2025-08-06,288.9,1034.9,7561.3,341.9,5963.0999999999985,5548.252016626477,4591.814285714287,4225.845417755118,3322.4356666666667,3325.1634647520614,35.0,5,31,6,57.779999999999994,2,0,8,-0.8660254037844385,-0.5000000000000004
2025-08-07,813.9,288.9,5318.4,7306.8,2068.633333333332,2464.9188654665923,3552.9000000000005,4267.873058483971,3320.669,3326.8153048226754,60.0,9,23,11,90.43333333333334,3,0,8,-0.8660254037844385,-0.5000000000000004
2025-08-08,6105.2,813.9,467.9,7701.9,712.5666666666648,383.1844638462203,2909.4000000000005,4296.799732746839,3104.239,3269.254339864004,370.0,60,287,49,101.75333333333333,4,0,8,-0.8660254037844385,-0.5000000000000004
2025-08-09,4300.1,6105.2,905.8,1024.9,2402.6666666666647,3217.214799066595,3714.728571428572,4291.217082489258,3051.0156666666667,3204.1728868673295,261.0,56,211,40,76.78750000000001,5,1,8,-0.8660254037844385,-0.5000000000000004
2025-08-10,73.0,4300.1,11972.3,1947.78,3739.7333333333313,2689.790330738273,4199.628571428571,4108.810618948137,3160.189,3188.5165465164646,4.0,3,4,2,24.333333333333332,6,1,8,-0.8660254037844385,-0.5000000000000004
2025-08-13,1980.8,73.0,4882.1,752.4,3492.766666666665,3096.0780906387213,2499.728571428572,2506.0250854785113,3097.6963333333333,3231.1849838277053,186.0,12,48,9,165.06666666666666,2,0,8,-0.8660254037844385,-0.5000000000000004
2025-08-14,885.7,1980.8,1034.9,4072.8,2117.966666666665,2116.8855952396466,2085.257142857143,2275.67051134175,3138.6429999999996,3208.1409335423486,64.0,10,46,15,88.57000000000001,3,0,8,-0.8660254037844385,-0.5000000000000004
2025-08-15,11847.5,885.7,288.9,1152.0,979.8333333333312,957.377158351458,2063.9428571428575,2287.8142690183035,3032.4063333333334,3228.8430468518136,685.0,90,603,58,131.63888888888889,4,0,8,-0.8660254037844385,-0.5000000000000004
2025-08-16,8844.8,11847.5,813.9,746.8,4904.666666666664,6037.550167355391,3715.1714285714293,4181.026337999752,3388.9230000000002,3584.902343594782,516.0,87,410,53,101.66436781609194,5,1,8,-0.8660254037844385,-0.5000000000000004
2025-08-17,362.0,8844.8,6105.2,2704.5,7192.666666666664,5664.57617331898,4862.442857142858,4350.631729935762,3658.8563333333336,3682.643724933153,28.0,8,25,11,45.25,6,1,8,-0.8660254037844385,-0.5000000000000004
2025-08-20,1541.6,362.0,4300.1,1621.3,7018.099999999998,5956.660325215781,4041.985714285715,4610.955610076424,3580.773,3728.1299500171417,143.0,15,59,14,102.77333333333333,2,0,8,-0.8660254037844385,-0.5000000000000004
2025-08-21,228.0,1541.6,73.0,3534.7,3582.7999999999975,4595.035042303789,3647.914285714286,4702.193274217388,3578.1163333333334,3729.602526442288,14.0,6,11,4,38.0,3,0,8,-0.8660254037844385,-0.5000000000000004
2025-08-22,7702.1,228.0,1980.8,11879.59,710.5333333333309,722.8366712702949,3670.057142857143,4682.87836978396,3467.8930000000005,3779.459157278849,475.4,68,380,49,113.26617647058823,4,0,8,-0.8660254037844385,-0.5000000000000004
2025-08-23,8849.4,7702.1,885.7,6667.9,3157.2333333333313,3990.394216532136,4487.385714285715,4835.695346562057,3328.6433333333334,3527.405916698686,550.0,86,430,51,102.89999999999999,5,1,8,-0.8660254037844385,-0.5000000000000004
2025-08-24,966.8,8849.4,11847.5,1450.5,5593.166666666664,4681.648677905372,5625.057142857143,4783.629228893464,3401.36,3619.8907880839647,71.0,12,38,21,80.56666666666666,6,1,8,-0.8660254037844385,-0.5000000000000004
2025-08-27,1598.8,966.8,8844.8,651.6,5839.433333333331,4258.637226077506,4070.6714285714293,4150.630704167857,3385.236666666666,3629.942998553435,124.0,11,37,10,145.34545454545454,2,0,8,-0.8660254037844385,-0.5000000000000004
2025-08-28,718.8,1598.8,362.0,1097.0,3804.9999999999977,4379.992525107752,3035.528571428572,3632.804496397735,3416.81,3609.4071501305816,75.0,12,57,11,59.9,3,0,8,-0.8660254037844385,-0.5000000000000004
2025-08-29,5766.9,718.8,1541.6,3733.9,1094.7999999999975,453.74882919935345,3086.5000000000005,3591.306649396565,3404.2033333333334,3618.4381797984283,301.0,49,261,49,117.69183673469387,4,0,8,-0.8660254037844385,-0.5000000000000004
2025-08-30,12872.6,5766.9,228.0,5449.1,2694.8333333333308,2696.6266340250213,3690.1142857142863,3643.081969262002,3471.97,3643.7741753288005,800.0,105,614,60,122.59619047619049,5,1,8,-0.8660254037844385,-0.5000000000000004
2025-08-31,39.0,12872.6,7702.1,1142.8,6452.766666666664,6105.85976119114,5496.485714285715,4639.023636653367,3719.42,4015.7511998250757,7.0,3,5,2,13.0,6,1,8,-0.8660254037844385,-0.5000000000000004
